policy_id,policy_name,category,subcategory,region_scope,age_min,age_max,employment_condition,housing_condition,income_condition_text,apply_start_date,apply_end_date,apply_status,source_org,source_url,summary,source_type
20260417005400112768,벤처기업 공동채용 지원사,취업,취업지원,all,0,0,unknown,unknown,,,,always,중소벤처기업부,https://www.venture.or.kr/home/kor/M748473882/business/contents/index.do?idx=cb00d1a0008a85e71a41b8741facbffe71a547009cdc82b6a17d02db013fb623&idx2=cb00d1a0008a85e71a41b8741facbffe6345b0b94089980f84385e748ce0fc81,채용수요가 있는 벤처기업들이 합동으로 취업포탈 사이트에 취업 공고 게시 및 채용박람회 등을 통해 벤처기업이 우수 인재채용을 지,api
20260417005400112767,참 괜찮은 강소기업 선정 및 취업연계,취업,취업지원,all,0,0,job_seeking,unknown,,,,always,중소벤처기업부,https://www.smes.go.kr/gsmb/main,구직자들이 선호할만한 우수 중소기업을 발굴하고 채용 정보 제공 및 매칭 지원을 통해 중소기업 일자리 미스매치 완화,api
20260417005400112766,스타트업 원스톱 지원센터,취업,창업지원,all,0,0,unknown,unknown,,,,always,중소벤처기업부,https://www.k-startup.go.kr/onestop/main/index.do,"기술창업 기반의 창업가가 직면하는 법률, 세무, 경영 등 복합적인 애로해결 가이드, 전문가 매칭, 상담비용 지원 등 '원스톱'으로 상담 서비스를 지원합니다.",api
20260416005400112764,2026년도 창업중심대학 대학발 (예비)창업기업 모집 공고,취업,창업지원,all,0,0,unknown,unknown,,,,always,중소벤처기업부,https://www.k-startup.go.kr/web/contents/bizpbanc-deadline.do?pbancClssCd=PBC010&schStr=%EC%B0%BD%EC%97%85%EC%A4%91%EC%8B%AC%EB%8C%80%ED%95%99&schM=view&pbancSn=176498,대학의 창업 인프라를 활용하여 우수한 창업아이템을 보유한 대학발 (예비)창업기업의 사업화를 지원,api
20260416005400112763,재도전성공패키지,취업,창업지원,all,0,0,unknown,unknown,,,,always,중소벤처기업부,https://www.k-startup.go.kr/web/contents/webCMRCZN.do?schM=view&id=170007,"성실한 실패 경험과 우수한 아이템을 바탕으로 성장 가능성이 높은 (예비)재창업기업을 발굴하고, 패키지형 재창업 지원",api
20260416005400112762,예비창업패키지,취업,창업지원,all,0,0,unknown,unknown,,,,always,중소벤처기업부,https://www.k-startup.go.kr/web/contents/bizpbanc-deadline.do?schM=view&pbancSn=176458,혁신적인 기술과 사업모델(BM)을 보유한 예비창업자를 발굴ㆍ지원,api
20260416005400112761,올해의 K-스타트업(舊. 도전! K-스타트업),취업,창업지원,all,0,0,unknown,unknown,,,,always,중소벤처기업부,https://www.k-startup.go.kr/web/contents/bizpbanc-ongoing.do?pbancClssCd=PBC010&schStr=%EA%B2%BD%EC%A7%84%EB%8C%80%ED%9A%8C&schM=view&pbancSn=176910,범부처 협업 창업경진대회를 통해 다양한 분야에서 유망 창업 아이템을 보유한 창업자(팀)를 발굴·시상하여 기술창업 분위기 확산,api
20260416005400112760,글로벌 액셀러레이팅 지원사,취업,창업지원,all,0,0,unknown,unknown,,,,always,중소벤처기업부,https://www.kised.or.kr/menu.es?mid=a10208020000,국내 창업기업의 글로벌 진출을 지원하고 해외 인재의 국내창업을 유도하여 국내 창업 생태계의 글로벌화 도모,api
20260416005400112758,모두의 창업,취업,창업지원,all,0,0,all,unknown,,,,always,중소벤처기업부,https://www.modoo.or.kr/,창의적 아이디어를 가진 국민 누구나 도전 할 수 있는 기회를제공하고 실패에 대한 부담을 완화하여 혁신 인재의 창업을 촉진하기위한「모두의 창업 프로젝트」도전자를 모집합니다,api
20260415005400212750,2026년 미취업청년 자격증 응시료 지원사업(중랑구),취업,취업지원,서울,19,39,job_seeking,unknown,,,,always,서울특별시 중랑구,https://www.jungnang.go.kr/health/bbs/view/B0000117/164097?menuNo=400493,미취업 청년의 자격증 취득 비용을 지원하여 경제적 부담을 완화하고 취업역량을 강화하여 청년들의 구직활동을 촉진하고자 함,api
20260415005400212748,2026년 중랑구 청년 창업 아카데미,취업,창업지원,서울,19,39,unknown,unknown,,2026-05-21,2026-06-18,unknown,서울특별시 중랑구 기획경제국,https://www.instagram.com/jn_youth_,창업 아이디어 발굴부터 비즈니스 모델 구축까지 단계별 창업 교육 및 멘토링을 통해 지역 청년 창업가를 양성하고자 함,api
20260406005400212517,인천 청년 고용안심 지원사업,취업,unknown,기타,18,39,unknown,unknown,,,,always,인천테크노파크,https://youth.incheon.go.kr/youthpolicy/youthPolicyInfoDetail.do?poly_seq=422,지역경제와 인천 청년이 함께 혁신‧성장할 수 있는 지역특화 정규직 일자리 지원,api
20260406005400212514,(계양구) 청년도전지원사업,취업,취업지원,기타,18,39,job_seeking,unknown,,,,always,인천광역시 계양구 재정경제국 일자리정책과,,"미취업 청년에게 맞춤형 프로그램 및 참여수당, 인센티브 제공을 통한 자신감 회복 및 취업 의욕 고취",api
20260406005400212513,대학주도형 청년창업 플랫폼 운영,취업,창업지원,기타,19,39,unknown,unknown,,,,always,인천테크노파크,https://youth.incheon.go.kr/youthpolicy/youthPolicyInfoDetail.do?poly_seq=312,대학주도형 청년창업플랫폼 조성 사업을 통해 대학 간 교류·협력 활성화를 도모하고 대학생 창업기업을 발굴·육성하는 창업문화 조성,api
20260406005400212512,스포츠산업 창업 지원,취업,창업지원,기타,34,99,unknown,unknown,,,,always,인천대학교 부속기관 창업지원단,https://youth.incheon.go.kr/youthpolicy/youthPolicyInfoDetail.do?poly_seq=314,공공체육시설 유휴공간을 활용한 스포츠산업 분야 창업 지원,api
20260406005400212505,공공기관 청년 아르바이트 운영,취업,unknown,기타,18,39,unknown,unknown,,,,always,인천광역시 행정국 자치행정과,https://youth.incheon.go.kr/youthpolicy/youthPolicyInfoDetail.do?poly_seq=328,청년에게 공공기관의 다양한 직무체험을 통해 인천시정에 대한 이해 및 행정체험 기회 제공,api
20260406005400212501,국제기구 직업체험 프로그램,취업,unknown,기타,19,34,unknown,unknown,,,,always,인천광역시 국제협력국 국제협력과,https://youth.incheon.go.kr/youthpolicy/youthPolicyInfoDetail.do?poly_seq=334,인천 청년들의 국제기구 진출 발판 마련 및 경력 형성 제고를 위해 국제기구에서의 직업체험(청년인턴십) 기회 제공,api
20260406005400212500,(인천환경공단)청년 체험형 인턴 운영,취업,취업지원,경기,19,34,job_seeking,unknown,,,,always,인천환경공단,https://youth.incheon.go.kr/youthpolicy/youthPolicyInfoDetail.do?poly_seq=336,미취업 청년에게 환경기초시설 직무 체험 기회 제공,api
20260406005400212498,(인천교통공사)청년 체험형 인턴 운영,취업,취업지원,기타,19,34,unknown,unknown,,,,always,인천교통공사,https://youth.incheon.go.kr/youthpolicy/youthPolicyInfoDetail.do?poly_seq=338,청년층의 취업난 완화와 직무 체험기회 제공을 통한 취업역량강화,api
20260406005400212476,인천 농어촌 청년 역량강화 프로그램 지원,취업,창업지원,기타,19,34,unknown,unknown,,,,always,인천광역시 청년정책담당관,https://youth.incheon.go.kr/youthpolicy/youthPolicyInfoDetail.do?poly_seq=364,인천 농어촌 청년들의 창업 역량 강화를 위한 체계적인 교육 프로그램 제공으로 지속 가능한 비즈니스 모델 개발 지원,api
20260406005400212469,(미추홀구)K-콘텐츠 청년창업실 운영,취업,창업지원,기타,18,39,unknown,unknown,,,,always,인천광역시 미추홀구 문화경제국 일자리정책과,https://youth.incheon.go.kr/youthpolicy/youthPolicyInfoDetail.do?poly_seq=377,콘텐츠분야 청년창업가(또는 예비창업가) 지원,api
20260406005400212467,대기업 현직자와 함께하는 취업특강 [마케팅/MD (주)아모레퍼시픽],취업,취업지원,기타,19,39,unknown,unknown,,2026-03-16,2026-03-16,closed,인천광역시 동구 경제환경국 일자리경제과,https://youth.incheon.go.kr/youthpolicy/youthPolicyInfoDetail.do?poly_seq=382,대기업 현직자를 초청하여 실질적인 취업 정보 제공과 경험 공유의 장 마련,api
20260406005400212461,(미추홀구) 청년 면접수당 지원사업 [예산소진 시 조기마감],취업,unknown,기타,18,39,job_seeking,unknown,,,,always,인천광역시 미추홀구 문화경제국 일자리정책과,https://youth.incheon.go.kr/youthpolicy/youthPolicyInfoDetail.do?poly_seq=397,청년 면접수당 지원을 통한 구직단념 청년의 사회활동 진입 및 구직활동 활성화,api
20260406005400212459,청년도전지원사업,취업,취업지원,기타,18,39,job_seeking,unknown,,,,always,인천테크노파크,https://youth.incheon.go.kr/job/challenge.jsp,다양한 취업역량 강화 프로그램 제공을 통한 자신감 향상 도모 및 구직활동 발판 마련,api
20260406005400212458,(동구) 청년 자격증 응시료 지원,취업,취업지원,기타,18,39,unknown,unknown,,,,always,인천광역시 동구 경제환경국 일자리경제과,https://youth.incheon.go.kr/youthpolicy/youthPolicyInfoDetail.do?poly_seq=402,취업에 어려움을 겪고 있는 인천 청년에게 자격증 응시료 지원을 통한 경제적 부담 경감 및 사회진입 활성화 도모,api
20260406005400212455,(동구) 청년도전지원사업,취업,unknown,기타,18,39,job_seeking,unknown,,2026-01-01,2026-12-31,open,인천광역시 동구 경제환경국 일자리경제과,https://youth.incheon.go.kr/space/donggu/challenge/info.jsp,구직단념청년 등을 대상으로 노동시장 참여를 위한 맞춤형 역량강화 프로그램 제공,api
20260406005400212454,(중구) 청년 자격증 응시료 지원,취업,취업지원,기타,18,39,unknown,unknown,,2026-02-01,2026-11-30,open,인천광역시 중구 주민생활국 경제산업과,https://youth.incheon.go.kr/youthpolicy/youthPolicyInfoDetail.do?poly_seq=404,취업에 어려움을 겪고 있는 인천 청년에게 자격증 응시료 지원을 통한 경제적 부담 경감 및 사회진입 활성화 도모,api
20260406005400212452,드림체크카드(구직활동비 지원),취업,취업지원,기타,18,39,job_seeking,unknown,"가구 기준 중위소득 50% 초과 ~ 150% 이하인 자 (건강보험료 소득판정 기준, 2026년 1월과 2월 고지액 평균)",,,always,인천테크노파크,https://youth.incheon.go.kr/youthpolicy/youthPolicyInfoDetail.do?poly_seq=417,취업을 준비하는 인천 거주 청년들에게 구직활동비를 지원하여 취업을 장려함과 동시에 사회적 안전망 확충,api
20260406005400212451,청년 사회적경제기업 창업지원사업,취업,창업지원,기타,18,39,unknown,unknown,,,,always,인천광역시 경제산업본부 사회적경제과,https://youth.incheon.go.kr/youthpolicy/youthPolicyInfoDetail.do?poly_seq=413,지역의 사회문제 해결과 지역상생을 추진하는 청년 사회적경제창업팀 및 초기기업 집중 육성,api
20260406005400212448,(옹진군) 청년 자격증 응시료 지원,취업,취업지원,all,18,49,unknown,unknown,,,,always,인천광역시 청년정책담당관,https://youth.incheon.go.kr/youthpolicy/youthPolicyInfoDetail.do?poly_seq=407,취업에 어려움을 겪고 있는 인천 청년에게 자격증 응시료 지원을 통한 경제적 부담 경감 및 사회진입 활성화 도모,api
20260406005400212447,(강화군) 청년 자격증 응시료 지원,취업,취업지원,기타,18,39,unknown,unknown,,,,always,인천광역시 강화군 경제산업국 일자리경제과,https://youth.incheon.go.kr/youthpolicy/youthPolicyInfoDetail.do?poly_seq=410,취업에 어려움을 겪고 있는 인천 청년에게 자격증 응시료 지원을 통한 경제적 부담 경감 및 사회진입 활성화 도모,api
20260406005400212446,드림나래(면접정장대여),취업,취업지원,기타,18,39,unknown,unknown,,2026-01-26,2026-12-11,open,인천테크노파크,https://youth.incheon.go.kr/youthpolicy/youthPolicyInfoDetail.do?poly_seq=411,"청년 면접비용 부담을 줄이고, 취업 자신감을 높이기 위해 취업 최종 관문인 면접 통과를 위한 면접용 정장 대여와 면접이미지컨설팅 지원",api
20260406005400212445,청년 자격증 응시료 지원,취업,취업지원,기타,18,39,unknown,unknown,,2026-02-01,2026-11-30,open,인천광역시 청년정책담당관,https://youth.incheon.go.kr/youthpolicy/youthPolicyInfoDetail.do?poly_seq=412,취업에 어려움을 겪고 있는 인천 청년에게 자격증 응시료 지원을 통한 경제적 부담 경감 및 사회진입 활성화 도모,api
20260406005400212444,(남동구) 청년 자격증 응시료 지원,취업,취업지원,기타,18,39,unknown,unknown,,2026-02-01,2026-11-30,open,인천광역시 남동구 정책기획국 일자리정책과,https://youth.incheon.go.kr/youthpolicy/youthPolicyInfoDetail.do?poly_seq=415,취업에 어려움을 겪고 있는 인천 청년의 경제적 부담을 경감하고 사회 진입 활성화를 도모,api
20260406005400212443,(부평구) 청년 자격증 응시료 지원,취업,취업지원,기타,18,39,unknown,unknown,,2026-02-01,2026-11-30,open,인천광역시 부평구 경제환경국 일자리창출과,https://youth.incheon.go.kr/youthpolicy/youthPolicyInfoDetail.do?poly_seq=416,취업에 어려움을 겪고 있는 인천 청년에게 자격증 응시료 지원을 통한 경제적 부담 경감 및 사회진입 활성화 도모,api
20260406005400212441,(연수구) 청년 자격증 응시료 지원,취업,취업지원,기타,18,39,unknown,unknown,,2026-02-01,2026-11-30,open,인천광역시 연수구 송도행정지원국 일자리정책과,https://youth.incheon.go.kr/youthpolicy/youthPolicyInfoDetail.do?poly_seq=419,취업에 어려움을 겪고 있는 인천 청년에게 자격증 응시료 지원을 통한 경제적 부담 경감 및 사회진입 활성화 도모,api
20260406005400212440,(계양구) 청년 자격증 응시료 지원,취업,취업지원,기타,18,39,unknown,unknown,,,,always,인천광역시 계양구 재정경제국 일자리정책과,https://youth.incheon.go.kr/youthpolicy/youthPolicyInfoDetail.do?poly_seq=420,취업에 어려움을 겪고 있는 인천 청년에게 자격증 응시료 지원을 통한 경제적 부담 경감 및 사회진입 활성화 도모,api
20260406005400212438,(서구) 청년 자격증 응시료 지원,취업,취업지원,기타,18,39,unknown,unknown,,,,always,인천광역시 서구 경제국 청년정책일자리과,https://youth.incheon.go.kr/youthpolicy/youthPolicyInfoDetail.do?poly_seq=426,취업에 어려움을 겪고 있는 인천 청년에게 자격증 응시료 지원을 통한 경제적 부담 경감 및 사회진입 활성화 도모,api
20260406005400212436,(서구) 청년 기업 육성 및 지원사업,취업,창업지원,기타,19,39,unknown,unknown,,,,always,인천광역시 서구 경제국 기업지원과,https://youth.incheon.go.kr/youthpolicy/youthPolicyInfoDetail.do?poly_seq=67,"청년기업 육성 및 지원계획을 수립하여 청년의 창업 및 기업 활동을 적극적으로 촉진함으로써 청년의 경제적, 사회적 지위를 제고하고 기업의 경쟁력을 향상시켜 지역경제 활력을 도모",api
20260406005400212432,(서구) 중소기업 재직청년 복지공유제,취업,unknown,기타,19,39,employed,unknown,,,,always,인천광역시 서구 경제국 청년정책일자리과,https://youth.incheon.go.kr/youthpolicy/youthPolicyInfoDetail.do?poly_seq=75,"중소기업 재직청년 대상 대기업, 유관기관 공유가능 자원 연계 제공",api
20260406005400212431,(미추홀구) 청년창업 희망스타트 지원사업,취업,창업지원,기타,18,39,unknown,unknown,,,,always,인천광역시 미추홀구 문화경제국 일자리정책과,https://youth.incheon.go.kr/youthpolicy/youthPolicyInfoDetail.do?poly_seq=84,불법유흥업소를 청년창업공간으로 전환하여 지역재생과 청년창업 기회 제공,api
20260406005400212429,(남동구) 청년창업지원센터 운영,취업,창업지원,기타,18,39,unknown,unknown,,,,always,인천광역시 남동구 정책기획국 일자리정책과,https://youth.incheon.go.kr/youthpolicy/youthPolicyInfoDetail.do?poly_seq=91,가능성있는 스타트업 기업이 빠르게 성장할 수 있도록 초반 진입을 지원하며 청년 창업 활성화 분위기 조성,api
20260406005400212427,(서구) 취업성공 디딤돌 청년인턴 사업,취업,취업지원,기타,19,34,job_seeking,unknown,,,,always,인천광역시 서구 경제국 청년정책일자리과,https://youth.incheon.go.kr/youthpolicy/youthPolicyInfoDetail.do?poly_seq=60,미취업 청년의 행정경력 제공 및 취업역량강화교육으로 취업률 향상 도모,api
20260406005400212416,(미추홀구) 청년 자격증 응시료 지원,취업,취업지원,기타,18,39,unknown,unknown,,2026-02-02,2026-11-30,open,인천광역시 미추홀구 문화경제국 일자리정책과,https://youth.incheon.go.kr/youthpolicy/youthPolicyInfoDetail.do?poly_seq=430,취업에 어려움을 겪고 있는 인천 청년에게 자격증 응시료 지원을 통한 경제적 부담 경감 및 사회진입 활성화 도모,api
20260406005400212410,재직청년 복지포인트,취업,unknown,기타,18,39,employed,unknown,"2026년 기준 건강보험 1분기 평균 과세급여 3,077,090원 이하인 자",,,always,인천테크노파크,https://youth.incheon.go.kr/youthpolicy/youthPolicyInfoDetail.do?poly_seq=439,인천형 청년 근로장려 인센티브 지원으로 인천 중소기업에 근무하는 청년 근로자에게 복지비 지원,api
20260406005400212409,"(동구) 대기업 현직자와 함께하는 취업특강 [마케팅/MD, (주)아모레퍼시픽]",취업,취업지원,기타,19,39,unknown,unknown,,2026-03-16,2026-03-16,closed,인천광역시 동구 경제환경국 일자리경제과,https://youth.incheon.go.kr/youthpolicy/youthPolicyInfoDetail.do?poly_seq=441,대기업 현직자를 초청하여 실질적인 취업 정보 제공과 경험 공유의 장 마련,api
20260406005400212408,"(동구) 대기업 현직자와 함께하는 취업특강 [IT개발/데이터, (주) KB국민카드]",취업,취업지원,기타,19,39,unknown,unknown,,2026-03-17,2026-03-17,closed,인천광역시 동구 경제환경국 일자리경제과,https://youth.incheon.go.kr/youthpolicy/youthPolicyInfoDetail.do?poly_seq=442,대기업 현직자를 초청하여 실질적인 취업 정보 제공과 경험 공유의 장 마련,api
20260406005400212407,(남동구) 청년도전지원사업,취업,취업지원,all,19,39,job_seeking,unknown,,,,always,인천광역시 남동구 정책기획국 일자리정책과,,"구직단념청년 등을 대상으로 맞춤형 역량강화 프로그램을 제공하여 청년의 구직의욕을 고취하고, 노동시장 참여 및 취업 촉진을 지원하는 고용노동부 공모사업",api
20260406005400212406,"(동구) 대기업 현직자와 함께하는 취업특강 [영업/영업관리, (주)대상]",취업,취업지원,기타,19,39,unknown,unknown,,2026-03-18,2026-03-18,closed,인천광역시 동구 경제환경국 일자리경제과,https://youth.incheon.go.kr/youthpolicy/youthPolicyInfoDetail.do?poly_seq=443,대기업 현직자를 초청하여 실질적인 취업 정보 제공과 경험 공유의 장 마련,api
20260406005400212405,"(동구) 대기업 현직자와 함께하는 취업특강 [서비스기획/UIUX, (주)SK텔레콤]",취업,취업지원,기타,19,39,unknown,unknown,,2026-03-19,2026-03-19,closed,인천광역시 동구 경제환경국 일자리경제과,https://youth.incheon.go.kr/youthpolicy/youthPolicyInfoDetail.do?poly_seq=444,대기업 현직자를 초청하여 실질적인 취업 정보 제공과 경험 공유의 장 마련,api
20260406005400212404,2026년 인천 청년도약기지(취업아카데미),취업,취업지원,기타,18,39,job_seeking,unknown,,,,always,인천광역시 청년정책담당관,https://youth.incheon.go.kr/youthpolicy/youthPolicyInfoDetail.do?poly_seq=446,직무분야별 교육과 현장실무 중심 인턴십 과정을 접목하여 청년구직자의 일 경험 및 직업경력개발을 지원함,api
20260406005400212397,청년창업 특례보증 및 이차보전,취업,창업지원,경기,19,39,unknown,unknown,,,,always,인천신용보증재단,https://www.icsinbo.or.kr/home/main.do,"지역경기 침체, 인건비 상승 등 어려운 여건 속에서 청년창업 활성화를 도모하기 위한 정책자금 지원",api
20260406005400212395,인천 스타트업파크 청년을 위한 창업 지원,취업,창업지원,기타,18,39,unknown,unknown,,,,always,인천테크노파크,https://startuppark.kr,청년들의 스타트업에 대한 관심도 증대 및 취·창업 연계,api
20260326005400212295,2026년 평택시 우수초기창업자 지원사업 운영,취업,창업지원,경기,19,39,unknown,unknown,,2026-03-02,2026-11-30,open,경기도 평택시 기획항만경제실,https://www.pyeongtaek.go.kr/pyeongtaek/saeol/gosi/view.do?notAncmtMgtNo=117174&mid=0401020100,창의적인 창업 아이템을 가진 청년창업자를 발굴 선정하여 지속가능성을 갖춘 기업으로 성장할 수 있도록 지원,api
20260326005400212293,2026년 평택시 청년창업 금융지원사업 이차보전 지원,취업,창업지원,경기,19,39,unknown,unknown,,2026-01-01,2026-12-31,open,경기도 평택시 기획항만경제실,https://www.pyeongtaek.go.kr/pyeongtaek/saeol/gosi/view.do?notAncmtMgtNo=115172&mid=0401020100,"이자 상한 부담의 어려움을 겪는 청년창업자의 융자 이자 차액 지원으로 창업을 활성화 하고 고물가, 고금리로 경영난을 겪고 있는 청년 창업자의 자금난 해소",api
20260326005400212292,2026년 평택시 청년창업자 금융지원사업,취업,창업지원,경기,19,39,unknown,unknown,,2026-01-01,2026-12-31,open,경기도 평택시 기획항만경제실,https://www.pyeongtaek.go.kr/pyeongtaek/saeol/gosi/view.do?notAncmtMgtNo=115172&mid=0401020100,자금력 및 담보력이 부족한 청년창업자 대상 특례보증을 통한 신용대출 지원으로 청년일자리 기반구축 및 창업생태계 조성에 기여,api
20260326005400212291,2026년 평택시 청년창업자를 위한 크라우드 펀딩사업 지원,취업,창업지원,경기,19,39,unknown,unknown,,2026-03-30,2026-11-30,open,경기도 평택시 기획항만경제실,https://www.pyeongtaek.go.kr/pyeongtaek/board/post/view.do?idx=335735&bcIdx=90&mid=0402010000,아이디어는 있지만 판로개척이 어려운 청년 창업자를 위하여 크라우드 펀딩 민간 기업과 연계하여 마케팅 지원,api
20260326005400212290,2026년 평택시 청년창업도전 아카데미,취업,창업지원,경기,19,39,unknown,unknown,,2026-03-30,2026-11-30,open,경기도 평택시 기획항만경제실,https://www.pyeongtaek.go.kr/pyeongtaek/board/post/view.do?idx=344708&bcIdx=41&mid=0401010000,예비창업자부터 청년ceo까지 단계별 교육과정 수요를 반영하여 청년(예비)창업자의 역량강화를 위한 교육프로그램 제공,api
20260326005400212289,2026년 평택시 청년창업지원센터 운영,취업,창업지원,경기,19,39,unknown,unknown,,2026-01-01,2026-12-31,open,경기도 평택시 기획항만경제실,https://pipabiz.or.kr/web/contents/business1-6.do,초기 창업기업의 안정적인 성장 기반을 마련하고 지역산업과 연계한 창업생태계를 구축하여 청년창업가의 성공적인 창업 도모,api
20260326005400212286,2026년 평택시 청년 면접정장 무료대여 서비스,취업,취업지원,경기,18,39,job_seeking,unknown,,2026-01-01,2026-12-31,open,경기도 평택시 기획항만경제실,https://apply.jobaba.net,"1. 청년실업률 사회문제화 및 구직기간 장기화에 따른 취업 준비 비용 증가 2. 청년 구직자의 심리적, 경제적 부담 경감을 위한 취업 지원 강화",api
20260326005400212285,2026년 평택 신입사원 직장적응 교육 프로그램 운영,취업,unknown,경기,19,39,unknown,unknown,,2026-05-01,2026-12-31,unknown,경기도 평택시 기획항만경제실,https://www.pyeongtaek.go.kr/ibook/ecatalog5.jsp?Dir=224&catimage=,신입사원이 조직문화와 업무환경에 적응할 수 있도록 지원함으로써 초기 적응실패로 인한 조기 퇴사를 예방하고 관내 중소기업의 인력 안정화 도모,api
20260326005400212284,2026년 평택 청년-기업 이어드림 사업,취업,취업지원,경기,19,39,unknown,unknown,,2026-03-02,2026-11-30,open,경기도 평택시 기획항만경제실,https://www.pyeongtaek.go.kr/pyeongtaek/board/post/view.do?mid=0401010000&bcIdx=41&idx=348905,기업 현직자들의 취업 멘토링을 통한 청년들의 취업 의지 제고 및 인적 네트워크 형성을 도모하고 관내 우수 중소기업 알리기 및 취업 연계를 통해 중소기업 인력난 완화 및 청년 취업률 제고,api
20260325005400212279,2026 평택청년 취업성공 지원사업,취업,취업지원,경기,19,39,job_seeking,unknown,,2026-03-01,2026-12-31,open,경기도 평택시 기획항만경제실,https://www.pyeongtaek.go.kr/pyeongtaek/board/post/view.do?mid=0401010000&bcIdx=41&idx=349793,"구직 청년들에게 자기소개서 작성 교육, 면접 교육 등 취업 역량 강화 교육 프로그램을 지원함으로써 취업 성공을 도모함",api
20260323005400112246,창업성공패키지(청년창업사관학교),취업,창업지원,all,1,39,unknown,unknown,,,,always,중소벤처기업진흥공단 창업지원처,https://www.mss.go.kr/site/smba/ex/bbs/View.do?cbIdx=310&bcIdx=1065207&parentSeq=1065207,"유망 창업아이템 및 혁신기술을 보유한 우수 창업자를 발굴하여 성공적인 창업사업화 지원을 위한, 『2026년 창업성공패키지 지원사업』청년창업사관학교 기본과정 지원 대상자를 모집하오니 많은 참여바랍니다.",api
20260323005400112245,지식재산 기반 창업촉진(IP 디딤돌 프로그램),취업,창업지원,기타,0,0,unknown,unknown,,2026-01-01,2026-12-31,open,한국발명진흥회,https://pms.ripc.org/www/main.do,"개인 및 예비창업자를 대상으로 창의적 아이디어를 기술적으로 발전시켜 사업아이템을 도출하고, 이에 대한 지식재산 컨설팅 및 권리화 지원",api
20260319005400212234,안성시 특성화고 진로캠프,취업,취업지원,경기,0,0,unknown,unknown,,,,always,경기도 안성시,https://www.anseong.go.kr/findjob/main.do,학교별 특성과 학생 희망직무를 반영한 맞춤형 진로캠프 운영을 통해 학생들의 취업 준비 수준 향상 및 진로설계 역량 강화 도모,api
20260319005400212233,안성시 청년내일캠프,취업,취업지원,경기,18,39,job_seeking,unknown,,,,always,경기도 안성시,https://www.anseong.go.kr/findjob/bbs/list.do?ptIdx=285&mId=0301000000&token=1773897572685,"개인별 1:1 상담을 통한 차별화된 코칭 제공으로 청년 구직자의 직무능력, 면접역량 향상 및 취업률 제고",api
20260319005400212229,안성시 청년맞춤 이력서 사진촬영 지원사업,취업,취업지원,경기,18,39,job_seeking,unknown,,,,always,경기도 안성시,https://www.anseong.go.kr/findjob/bbs/view.do?mId=0301000000&bIdx=191450&ptIdx=285,관내 청년 구직자에게 이력서용 사진 촬영 비용을 지원하여 취업 준비 부담 완화 및 구직 활동 촉진을 도모하고자 함,api
20260319005400212223,(광양시) 청년복합공간 운영,취업,창업지원,기타,18,45,unknown,unknown,,,,always,전라남도 광양시 미래산업국,https://gwangyang.go.kr/,예담창고를 중심으로 청년 창업교육·실습·커뮤니티·주거를 연계 지원하는 복합공간 운영 사업입니다.,api
20260318005400212194,(광양시)귀농귀촌 보금자리 조성 지원,취업,unknown,기타,0,0,unknown,unknown,,,,always,전라남도 광양시 농업기술센터,https://gwangyang.go.kr/,귀농귀촌 희망자에게 농어촌민박 보금자리와 체험비를 지원해 농촌 정착을 돕는 사업입니다.,api
20260318005400212186,(광양시)광양만권 소재부품 지식산업센터 운영,취업,창업지원,기타,0,0,unknown,unknown,,,,always,전라남도 광양시 미래산업국,https://www.jntp.or.kr/base/main/view,중소·벤처·창업기업에 산업공간과 기업지원 서비스를 제공해 지역 산업기반을 강화하는 사업입니다.,api
20260318005400212185,(광양시) 청년 일자리 만들기 확대,취업,취업지원,기타,0,0,job_seeking,unknown,,,,always,전라남도 광양시 미래산업국,https://job.gwangyang.go.kr/,온·오프라인 일자리정보 제공과 상담·매칭을 통해 청년 구직과 기업 채용을 연계하는 일자리 지원 사업입니다.,api
20260317005400112169,2026년 매장유산 미정리유물 보존 및 활용사업,취업,unknown,기타,0,0,unknown,unknown,,2026-01-01,2026-12-31,open,국가유산청 문화유산국,www.work.go.kr,대학박물관 내 미정리 유물 일제 등록 지원 및 활용을 통한 유물의 안전한 보관 관리 및 청년일자리 제공,api
20260316005400112168,2026년 국가유산 산업 인턴십 지원 사업,취업,취업지원,기타,19,39,unknown,unknown,,2026-01-01,2026-12-31,open,국가유산진흥원,https://heritage-intern.recruiter.co.kr/,국가유산 보존관리 활용 기획 관련 공공 및 민간 산업체에 국가유산 산업 취업 준비 청년인턴(100명) 매칭 지원,api
20260313005400212158,2026 청년 문화예술인 문화인턴제 사업(평택시),취업,취업지원,경기,19,39,job_seeking,unknown,,2026-04-06,2026-10-28,open,경기도 평택시 문화국제국,https://www.pyeongtaek.go.kr/pyeongtaek/saeol/gosi/view.do?notAncmtMgtNo=116702&mid=0401020100,미취업 청년문화예술인에게 공공부문 일자리를 제공하여 관련분야 경력제공,api
20260313005400212156,2026 대학생 인턴사업(평택시),취업,unknown,경기,19,34,unknown,unknown,,,,always,경기도 평택시,https://www.pyeongtaek.go.kr/depart/contents.do?mid=0105010000,평택시 거주 대학생들에게 공공기관 일 경험 기회 제공으로 개인 직무능력 향상 및 시정에 대한 올바른 이해를 돕는 기회로 활용,api
20260313005400212146,청년창업 공감 원스톱 서비스 안내,취업,창업지원,경기,18,39,unknown,unknown,,,,always,경기도 용인시,https://youth.yongin.go.kr/web/main/contents/YI-010-01-04,청년창업 정책을 한곳에 모아 통합 제공,api
20260313005400212145,대학생 행정체험 연수,취업,unknown,경기,18,39,unknown,unknown,,2026-07-01,2026-12-31,unknown,경기도 용인시,https://www.yongin.go.kr/user/web/sidjbustdt/BD_selectSidjbUstdtList.do,다양한 행정체험 기회 제공,api
20260313005400212144,청년희망케어 프로젝트 추진,취업,unknown,경기,18,39,unknown,unknown,,2026-03-02,2026-12-31,open,경기도 용인시,https://youth.yongin.go.kr/web/main/program/all/list,심리적 불안을 겪는 청년들의 심리적 안정 고취 및 관계형성 지원을 통해 청년의 희망적인 삶 영위,api
20260313005400212143,용인시 일자리센터를 통한 청년 취업 지원,취업,취업지원,경기,18,39,unknown,unknown,,2026-01-01,2026-10-31,open,경기도 용인시,https://www.yongin.go.kr/home/job/jobCenter/programGuide.jsp,지역경제와 청년층이 함께 성장할 수 있는 기반 마련,api
20260313005400212142,AI 활용 취업역량강화 지원,취업,취업지원,경기,18,39,unknown,unknown,,,,always,경기도 용인시,https://youth.yongin.go.kr/web/main/youthApply/applyList,용인시 취업준비 청년의 맞춤형 역량 강화,api
20260313005400212141,청년 희망옷장,취업,unknown,경기,18,39,job_seeking,unknown,,,,always,경기도 용인시,https://youth.yongin.go.kr/web/main/youthApply/applyList,용인시 청년 구직자에게 면접정장 무료대여 서비스 제공하여 시간적·경제적 부담 완화,api
20260312005400212117,경기 스타트업 글로벌 성장지원- 경기 청년창업 글로벌 프론티어(G-Frontier),취업,창업지원,경기,19,39,unknown,unknown,,2026-04-30,2026-11-30,unknown,재단법인경기도경제과학진흥원,https://www.gsp.or.kr/,경기도 청년들의 해외시장 진출의 시작과 글로벌 무대로의 도약할 수 있도록 현장 경험을 지원,api
20260311005400112111,고교 취업연계 장려금 지원,취업,취업지원,all,17,21,unknown,unknown,,2026-03-01,2027-05-31,open,한국장학재단,https://www.kosaf.go.kr/ko/main.do?currentMain=1,고졸 기술·기능인재가 사회초기 안정적으로 정착할 수 있도록 취업연계 장려금 지원,api
20260310005400112104,청년농업인 R&D 기술창업 통합관리 지원,취업,창업지원,기타,18,39,unknown,unknown,,2026-01-01,2026-12-31,open,농촌진흥청,https://www.rda.go.kr/board/board.do?mode=html&prgId=gud_farmguiddrvQuery,공공연구기관의 농업R&D 기술성과를 청년농업인의 창업 자원으로 활용하여 연구성과 기반 기술창업 모델을 육성함으로써 농업농촌의 신성장동력 확보 및 청년농업인의 안정적 정착 지원,api
20260310005400112102,중남미 지역기구 인턴 파견,취업,unknown,기타,18,100,unknown,unknown,,,,always,외교부 중남미국,https://www.mofa.go.kr/www/brd/m_4075/view.do?seq=369385&page=1&pitem=10,중남미 지역 관련 국제기구에 우리 청년을 인턴으로 파견,api
20260310005400112101,지방청년인재 재외공관 파견,취업,unknown,기타,19,34,unknown,unknown,,2026-02-01,2026-12-31,open,외교부,https://www.mofa.go.kr,청년들에게 지방정부 외교활동 분야 일경험을 제공하여 지방정부 국제교류를 활성화하고 지역인재로의 성장 도모,api
20260220005400212095,청년 일자리사업 참여청년 모집,취업,unknown,서울,19,39,unknown,unknown,,2026-04-01,2026-11-30,open,서울특별시 은평구 돌봄복지국,https://www.ep.go.kr/www/selectEminwonView.do?pageUnit=10&pageIndex=1&searchCnd=all&key=748&notAncmtMgtNo=48708&notAncmtSeCode=02,지역기반 기업에서 일경험과 경력 형성을 지원,api
20260211005400112094,산림산업 창업지원_청년 산림창업 마중물 지원,취업,창업지원,all,19,39,unknown,unknown,,2026-04-27,2026-10-31,unknown,한국임업진흥원,https://www.kofpi.or.kr/notice/notice_01view.do?cPage=1&bb_seq=12319,산림분야 청년,api
20260126005400212081,청년 일자리사업 참여기업 모집,취업,취업지원,서울,0,0,unknown,unknown,,,,always,서울특별시 은평구 돌봄복지국,https://www.ep.go.kr/www/selectEminwonView.do?pageUnit=10&pageIndex=1&searchCnd=notAncmtSj&searchKrwd=%EC%B2%AD%EB%85%84%20%EC%9D%BC%EC%9E%90%EB%A6%AC&key=748&notAncmtMgtNo=48183&notAncmtSeCode=02,청년의 일 경험 및 직무역량 향상을 도모하고 기업에는 청년 인재 채용의 기회 제공,api
20251230005400212054,해운물류 인력양성 지원,취업,unknown,경기,0,0,unknown,unknown,,2025-01-01,2025-12-31,closed,경기도,www.kiffa.or.kr,"해운물류 업계 인력양성, 산업경쟁력 강화",api
20251218005400212030,지역자원 연계 청년창업 지원,취업,창업지원,기타,18,45,unknown,unknown,,2024-01-01,2025-12-30,closed,재단법인전남창조경제혁신센터,https://ccei.creativekorea.or.kr/jeonnam/main.do,청년 창업 지원을 통한 청년층 타시도 유출 방지 및 유입 활성화로 지역활력 제고,api
20251124005400211938,찾아가는 일자리 희망버스 운영,취업,취업지원,기타,0,0,unknown,unknown,,2025-02-01,2025-12-31,closed,재단법인전라남도중소기업일자리경제진흥원,https://job.jeonnam.go.kr,취업을 희망하는 일자리 구인수요 기업을 방문하여 현장탐방 후 면접을 통해 채용으로 이어지는 원스톱 취업지원 서비스 제공,api
20251111005400211828,4차 산업분야 원격실습 직업훈련 지원,취업,취업지원,기타,15,100,job_seeking,unknown,,2025-01-01,2025-12-31,closed,충청남도 산업경제실 경제기획관 일자리기업지원과,https://cn.korchamhrd.net/,구직자 취업연계 4차산업분야 원격직업훈련 지원,api
20251110005400211822,수도권 청년 대상 찾아가는 토크콘서트(꿈의 그라운드 경남),취업,창업지원,기타,19,39,employed,unknown,,2025-11-19,2025-11-20,closed,경상남도 교육청년국 청년정책과,https://youth.gyeongnam.go.kr/youth/index.es?sid=a1,경남지역 대기업 재직자 강연 경남지역 창업 성공 스토리 강연,api
20251107005400211816,청년농업인 경쟁력제고 사업,취업,창업지원,경기,18,39,unknown,unknown,,,,always,경기도 경기도농업기술원 기술보급국 지도정책과,https://www.gg.go.kr/,"신기술과 결합된 경쟁력 있는 유형별(신기술, ICT, 벤처, 창업, 가공·관광 등) 사업 추진으로 청년농업인 경쟁력 향상",api
20251107005400211815,청년농업인 영농정착지원,취업,unknown,경기,18,40,unknown,unknown,24년도 본인부담 건강보험료 소득판정기준 중위소득 140%,,,always,경기도 농수산생명과학국 농업정책과,https://uni.agrix.go.kr/,영농 초기 불안정한 청년농에게 영농정착지원금을 지급하여 유능한 인재의 농업분야 진출 촉진,api
20251107005400211812,경기청년 역량강화 기회지원,취업,취업지원,경기,19,39,unknown,unknown,,,,always,경기도 미래평생교육국 청년기회과,https://apply.jobaba.net,취업 준비에 필요한 어학·자격시험 응시료를 지원하여 취업준비 부담 완화 및 고른 취업기회 제공,api
20251106005400211805,함안청년 창업가 지속성장 지원사업,취업,창업지원,기타,19,49,unknown,unknown,,2025-01-01,2025-12-31,closed,경상남도 함안군 혁신전략담당관,https://www.haman.go.kr,지역문제를 고민하고 해결하는 과정에서 지역 특성과 고유한 자원을 활용해 창업을 희망하는 함안청년창업가 양성,api
20250917005400211702,청년친화도시 부산진구 트라이얼스토어 운영 기업 모집,취업,창업지원,all,18,39,unknown,unknown,,2025-10-02,2025-12-10,closed,부산진구,https://www.busanjin.go.kr/board/view.busanjin?boardId=BBS_0000081&menuCd=DOM_000001704001000000&paging=ok&startPage=1&dataSid=3937152,□ 모집개요 ○ 사 업 명: 2025년 청년친화도시 트라이얼스토어 ○ 모집대상: 전국 청년창업가(창업 7년이내) ○ 모집기간: 2025. 9. 1.(월) ~ 9. 21.(일) ○ 구청지원: 전포사잇길 내 9평 점포(,api
20250909005400211679,공학교육혁신센터 지원,취업,unknown,기타,0,0,unknown,unknown,,2025-04-01,2026-02-28,closed,홍익대학교,http://grida.hongik.ac.kr,산업계 수요 및 대학특성에 맞는 공학교육 프로그램 개발·운영으로 관내 기업 연계 캡스톤디자인 수행,api
20250908005400211676,청년기업 디자인 지원사업(세종시 맞춤형디자인 지원사업),취업,unknown,기타,19,39,unknown,unknown,,2025-02-01,2025-12-31,closed,정책기획관,https://www.sejong.go.kr/shrUrl/BG752j07WU.do,디자인 개발에 어려움을 겪고 있는 청년에게 맞춤형 디자인 지원,api
20250908005400211664,초기 창업기업을 위한 창업보육공간 운영·지원,취업,창업지원,기타,0,0,unknown,unknown,,,,always,세종창조경제혁신센터,https://ccei.creativekorea.or.kr/sejong/,혁신적인 기술창업 아이디어를 보유한 예비창업자를 위한 창업공간 운영 및 창업프로그램을 통한 역량강화 및 사업고도화 지원,api
20250903005400211606,청년취업박람회,취업,취업지원,기타,19,39,unknown,unknown,,,,always,재단법인세종일자리경제진흥원,http://www.jobaram.com,노동시장 진입 준비 중인 청년의 역량 강화를 위한 교육 및 컨설팅 운영,api
20250903005400211605,"구인‧구직만남의 날, 찾아가는 일자리상담소 운영",취업,취업지원,기타,0,0,job_seeking,unknown,,2025-01-01,2025-12-31,closed,재단법인세종일자리경제진흥원,https://sjepa.or.kr/page/sub4_2,-구인‧구직만남의 날 운영을 통해 기업과 구직자에게 현장 면접의 기회 제공 -찾아가는 일자리상담소 운영으로 구직자가 있은 곳으로 찾아가 1:1 취업상담,api
20250902005400211578,안계행복플랫폼청년창업점포운영,취업,창업지원,기타,19,45,unknown,unknown,,,,always,의성군,www.usc.go.kr,ㅇ (목적) 안계행복플랫폼 내 청년창업점포 입점자 운영 지원 ㅇ (대상) 지역 청년 ㅇ (주요내용) 청년창업점포 입점자 운영 지원 ㅇ (전달체계) 군-입주 청년,api
20250902005400211577,창업허브센터운영,취업,창업지원,기타,19,45,unknown,unknown,,,,always,관광복지국,www.usc.go.kr,"ㅇ (목적) 창업과 주거, 일자리를 통합시킨 허브센터 운영 ㅇ (대상) 지역 청년 ㅇ (주요내용) 입주자 대상 사무실 및 주거공간 지원 ㅇ (전달체계) 군-입주 청년",api
20250901005400211555,청년창업 지역정착 지원사업,취업,창업지원,기타,19,39,unknown,unknown,,2025-03-01,2025-12-31,closed,(재)경상북도경제진흥원,https://www.gepa.kr/,청년 1인당 사업화 자금 및 활동비 최대 2년간 지원,api
20250829005400211539,2025년 경북 K-로컬창업스쿨 운영사업,취업,창업지원,all,19,39,unknown,unknown,,2025-01-01,2025-12-31,closed,(재)경상북도경제진흥원,,"전국 우수 예비창업가 발굴하여 지역자원조사, 교육, 멘토링, 전문가 자문 등의 맞춤형, 단계별 창업 지원을 통한 지역 혁신가형 창업가 육성",api
20250829005400211538,2025년 경북 청년창업 지역정착 지원사업,취업,창업지원,all,19,39,unknown,unknown,,2025-01-01,2025-12-31,closed,(재)경상북도경제진흥원,,전국 청년 창업 아이디어의 지역 사업화 지원을 통해 지방소멸 위기 극복과 지역활력 촉진 도모,api
20250829005400211533,2025년 경북청춘 창업드림 지원사업,취업,창업지원,기타,19,39,unknown,unknown,,,,always,(재)경상북도경제진흥원,,청년 아이디어 창업지원과 추가 청년채용에 따른 인센티브 지원으로 지역사회 청년유입과 자립기반 마련을 통해 인구감소지역 지방소멸 방지 및 지역공동체 회복 기여,api
20250829005400211531,청년예술 창업특구 조성사업,취업,창업지원,기타,19,39,unknown,unknown,,2025-03-01,2025-12-31,closed,재단법인대구경북디자인진흥원,,"예술분야 예비 창업자 창업지원, 정착기반 마련",api
20250822005400211521,신월지역 청년점포 및 청년기업 육성사업 참여자 추가모집 공고,취업,창업지원,서울,19,39,job_seeking,unknown,,,,always,양천구,https://www.yangcheon.go.kr/site/yangcheon/ex/seol/seolContentDeailView.do?not_ancmt_mgt_no=44446,"청년 실업 해소와 지역상권 활성화를 위한 창업지원 정책으로, 창업을 준비하는 청년의 초기 창업비용 일부 지원",api
20250806005400211515,청년 일자리사업 참여청년 모집,취업,unknown,서울,19,39,unknown,unknown,,2025-09-01,2025-12-31,closed,은평구,https://www.ep.go.kr/www/selectEminwonView.do?pageUnit=10&pageIndex=1&searchCnd=all&key=748&notAncmtMgtNo=46711&notAncmtSeCode=02,지역기반 기업에서 일경험과 경력 형성을 지원하기 위하여 청년 일자리 사업 참여 청년 모집,api
20250729005400211505,대학일자리센터 지원,취업,창업지원,all,0,0,unknown,unknown,,2025-01-01,2025-12-31,closed,경기도,,"도내 대학일자리플러센터 22개소를 통해 대학 내 취 ·창업 지원, 진로지도, 취업서비스 등 제공 (고용노동부 사업)",api
20250729005400211499,청년 창업점포(청년식당) 신규 입점 청년 모집,취업,창업지원,서울,19,39,unknown,unknown,,,,always,돌봄복지국,https://www.ep.go.kr/www/selectEminwonView.do?pageUnit=10&pageIndex=1&searchCnd=notAncmtSj&searchKrwd=%EC%A0%90%ED%8F%AC&key=754&notAncmtMgtNo=46597&notAncmtSeCode=01,청년 창업자의 도전을 장려하여 청년사업가를 육성하고 일자리 창출 및 지역경제 활성화를 위한 청년 창업점포 입점 청년 모집,api
20250718005400211448,청년 인재육성 사업,취업,unknown,기타,19,34,unknown,unknown,,,,always,교육협력담당관,https://youth.incheon.go.kr/youthpolicy/youthPolicyInfoDetail.do?poly_seq=339,"지역 우수인재 대상 해외연수, 해외봉사 등 지원을 통해 폭넓은 세계관 형성 및 미래 리더로서의 글로벌 마인드 함양 제고",api
20250718005400211446,반도체 특성화대학 지원사업,취업,unknown,기타,19,34,unknown,unknown,,,,always,반도체바이오과,https://youth.incheon.go.kr/youthpolicy/youthPolicyInfoDetail.do?poly_seq=368,반도체 산업계 학사급 인력 공급 및 석‧박사급 인재양성 기반 구축을 위한 반도체 특성화 인재양성 육성 지원,api
20250718005400211445,지역지능화 혁신인재 양성사업,취업,unknown,기타,0,0,unknown,unknown,,,,always,인하대학교,https://youth.incheon.go.kr/youthpolicy/youthPolicyInfoDetail.do?poly_seq=366,인천 주력산업(반도체‧바이오‧자동차)의 지능화를 위한 전문인재 양성 및 연구개발 과제 수행,api
20250718005400211444,반도체 패키징 분야 대학중점연구소 지원,취업,unknown,기타,19,34,unknown,unknown,,,,always,인하대학교,https://youth.incheon.go.kr/youthpolicy/youthPolicyInfoDetail.do?poly_seq=365,반도체 패키징분야 대학 내 연구거점 구축 및 반도체 분야 미래 먹거리 창출을 위한 연구수행 및 기업의 사업화 지원,api
20250718005400211436,마이스업체 청년 인턴십 운영,취업,창업지원,기타,18,39,unknown,unknown,,,,always,관광마이스과,,"○인천 마이스업체 인턴십 인건비 및 교육비용 등 지원 - (1~2년차) 인건비 및 교육 계속 지원 - (3년차) 정규직 유지(전환) 또는 지역 내 정규직 취·창업하여 정착할 경우, 청년에게 인센티브 지원",api
20250718005400211435,국제기구 직업체험 프로그램,취업,unknown,기타,18,39,unknown,unknown,,,,always,재외동포협력과,https://youth.incheon.go.kr/youthpolicy/youthPolicyInfoDetail.do?poly_seq=334,인천 청년들의 국제기구 진출 발판 마련 및 경력 형성 제고를 위해 국제기구에서의 직업체험(청년인턴십) 기회 제공,api
20250718005400211423,화이트바이오산업 전문인력 양성,취업,unknown,기타,19,34,unknown,unknown,,,,always,반도체바이오과,,탄소중립형 바이오 플라스틱 및 정밀‧특수 바이오 화학제품 생산을 위한 화이트바이오 전주기 기술 보유 고급인력 양성,api
20250718005400211422,산업혁신 인재성장 지원(해외연계),취업,unknown,기타,19,34,unknown,unknown,,,,always,반도체바이오과,https://youth.incheon.go.kr/youthpolicy/youthPolicyInfoDetail.do?poly_seq=361,"해외 우수 연구기관(대학, 연구소 등)과 공동연구‧프로젝트 수행을 통한 미래 첨단산업 분야 글로벌 혁신인재 양성",api
20250718005400211406,공공디자인 민간전문가(총괄 및 청년디자이너) 지원 제도,취업,unknown,기타,19,34,unknown,unknown,,,,always,창의도시지원단,,공공디자인 사업의 공공디자인 품질 제고 및 효율적 사업관리로 시민의 문화 향유권 증대,api
20250718005400211405,청년성장프로젝트,취업,unknown,기타,18,39,unknown,unknown,,,,always,청년정책담당관,,"중소기업 저연차 직원의 직장적응 지원 및 청년친화 조직문화 조성 교육을 통해 청년의 조기퇴사 방지, 기업의 인재육성 및 고용 안정화 여건 조성",api
20250718005400211400,스포츠산업 창업지원,취업,창업지원,기타,0,0,unknown,unknown,,,,always,인천대학교,,"창업공간 무상제공, 시제품 제작 지원, 사업화지원(컨설팅, 판로개척, 전시회참가) 등",api
20250718005400211396,청년어업인 영어정착지원,취업,창업지원,기타,18,39,unknown,unknown,"상근고용, 어업과 무관한 사업체 경영 금지",,,always,수산기술지원센터,,창업 초기 청년어업인의 안정적인 어촌 정착 지원을 통한 우수한 청년인력의 어촌 유치,api
20250718005400211393,청년농업인 영농 스타트업 지원,취업,unknown,기타,19,39,unknown,unknown,,,,always,농축산과,,농촌 고령화에 대응하여 청년농업인들을 새롭게 유입시키고 안정적으로 정착할 수 있도록 지원,api
20250718005400211390,대학주도형 청년창업플랫폼 운영,취업,창업지원,기타,19,39,unknown,unknown,,,,always,인천테크노파크,,대학 간 교류·협력 활성화를 도모하고 대학생 창업기업을 발굴·육성하는 창업문화 조성,api
20250718005400211388,신개념 청년창업 지원 사업,취업,창업지원,기타,19,39,unknown,unknown,,,,always,(재)인천창조경제혁신센터,https://ccei.creativekorea.or.kr/incheon/,○ 청년 창업가 및 중장년 전문가 간 매칭 컨설팅 등 추진,api
20250718005400211386,청년 해외진출기지 지원,취업,창업지원,기타,19,39,unknown,unknown,,,,always,(재)인천창조경제혁신센터,https://ccei.creativekorea.or.kr/incheon/,"해외진출 역량이 있으나, 자원이 부족한 청년 창업가를 발굴하여 체계적인 지원으로 지역 청년 창업기업 해외진출 도모",api
20250718005400211385,청년창업 챌린지 지원사업,취업,창업지원,기타,19,39,unknown,unknown,,,,always,(재)인천창조경제혁신센터,https://ccei.creativekorea.or.kr/incheon/,유망 창업자 발굴 및 사업화지원을 통한 지역 내 청년창업 활성화,api
20250718005400211384,청년 소셜벤처기업 육성 사업,취업,unknown,기타,18,39,unknown,unknown,,,,always,(재)인천창조경제혁신센터,https://youth.incheon.go.kr/youthpolicy/youthPolicyInfoDetail.do?poly_seq=291,관내 대학과 연계하여 원도심재생ㆍ복지ㆍ환경 등 사회 현안문제에 대한 청년들의 참신한 아이디어를 발굴하고 지원함으로써 지역 청년 사업가 육성,api
20250718005400211382,인천빅웨이브모펀드 조성․운영,취업,창업지원,기타,19,34,unknown,unknown,,,,always,(재)인천창조경제혁신센터,https://youth.incheon.go.kr/youthpolicy/youthPolicyInfoDetail.do?poly_seq=290,인천시 거주 및 활동하는 청년 대표 또는 청년 비중이 50% 이상인 벤처·창업기업 투자조합 결성 후 기업을 발굴하여 투자,api
20250718005400211381,환경분야 청년 사회적경제기업 발굴·육성,취업,unknown,기타,19,39,unknown,unknown,,2025-01-01,2025-12-31,closed,사회적경제과,,청년 사회적경제기업 발굴·육성을 통해 청년들의 지속적인 유입 도모,api
20250717005400211371,인천시 일자리센터 운영,취업,취업지원,기타,0,0,unknown,unknown,,2025-01-01,2025-12-31,closed,인천테크노파크,https://youth.incheon.go.kr/youthpolicy/youthPolicyInfoDetail.do?poly_seq=287,인천시 일자리지원 허브 기관으로 시민에 대한 입체적 취업지원 및 기업에 대한 적기 인재채용 지원,api
20250717005400211370,잡스인천 운영,취업,취업지원,기타,0,0,job_seeking,unknown,,2025-01-01,2025-12-31,closed,인천테크노파크,,구직 및 전직 희망 시민에 대한 맞춤형 취업지원 및 지역 기업 우수인재 채용 지원,api
20250717005400211367,청년 취업설명회(공기업 및 우수기업),취업,취업지원,기타,19,39,job_seeking,unknown,,2025-01-01,2025-12-31,closed,경제정책과,,공기업·우수기업 취업설명회를 통한 청년 구직자 취업정보 제공 및 취업 촉진,api
20250717005400211364,중소기업 디지털 전환을 위한 청년일자리 지원사업,취업,unknown,기타,18,39,unknown,unknown,,2025-01-01,2025-12-31,closed,산업정책과,,디지털 경제로의 전환 가속에 대응한 중소기업 디지털 혁신 청년 일자리 창출,api
20250717005400211362,인천 지역전략산업 청년일자리 지원 사업,취업,unknown,기타,18,39,unknown,unknown,,2025-01-01,2025-12-31,closed,청년정책담당관,https://youth.incheon.go.kr/youthpolicy/youthPolicyInfoDetail.do?poly_seq=307,"지역 혁신성장 연계 일자리 지원으로 청년의 지역정착 유도하고, 청년인재 확보를 통한 미래 新산업․뉴딜 관련 지역특화산업 육성",api
20250717005400211361,네오플 제주아카데미 운영,취업,취업지원,기타,0,0,unknown,unknown,,2025-05-30,2026-06-30,open,(재)제주테크노파크,,취업과 연계한 실무〮현장 중심의 인재양성 프로그램 운영,api
20250715005400211286,공공기관 청년고용의무제 운영,취업,unknown,기타,19,34,unknown,unknown,,2025-01-01,2025-12-31,closed,충청남도개발공사,https://www.cndc.kr/index.do,"지방공기업 청년고용의무제를 실시, 사장경영성과계약 이행실적 평가 시 평가하여 고용의무제 100% 달성 노력",api
20250715005400211285,지방공기업 체험형 청년인턴 제도 운영,취업,취업지원,기타,19,34,unknown,unknown,,2025-01-01,2025-12-31,closed,충청남도개발공사,https://www.cndc.kr/index.do,청년 대상 일자리 경험 제공 및 취업역량 강화,api
20250714005400111227,산림산업 창업지원_청년 임팩트 창업 아이디어 챌린지,취업,창업지원,all,19,39,unknown,unknown,,2025-07-15,2025-10-28,closed,한국임업진흥원,http://url.kr/gptlpa,"산림자원을 활용한 문제해결형 창업 아이디어를 발굴하고, 청년들에게 실질적인 창업 경험 기회를 제공",api
20250714005400211226,지역특성화산업 전문인력양성사업,취업,unknown,기타,0,0,unknown,unknown,,2025-03-01,2026-02-28,closed,(재)전북테크노파크,,현장중심의 융복합 산업인력 확보 및 기업수요에 맞는 전문인력 양성,api
20250711005400211182,청년 귀환 채널구축 사업(고향올래),취업,창업지원,기타,19,39,unknown,unknown,,2025-01-01,2025-12-31,closed,(재)대구테크노파크,https://dgtp.or.kr/dgtp.do,"타지역 청년을 대상으로 대구 귀환 희망 청년을 발굴하여, 대구에서 정착할 수 있도록 귀환 경로별 지원 및 주거·창업공간 제공",api
20250710005400211180,글로벌 이노베이터 페스타 사업 지원,취업,창업지원,기타,0,0,unknown,unknown,,2025-01-01,2025-12-31,closed,재단법인대구창조경제혁신센터,https://startup.daegu.go.kr/index.do?menu_id=00002552&menu_link=/front/project/projectFrontDetail.do?project_id=PROJECT_00004343,"5대 미래 신산업(ABB, 반도체, 로봇, 모빌리티, 헬스케어) 분야 글로벌 진출에 도전하는 유망 창업기업을 발굴하기 위한 ‘창업경진대회’를 개최하고자 함",api
20250704005400111154,마을기업 육성사업,취업,unknown,기타,0,0,unknown,unknown,,2025-07-04,2030-12-04,open,행정안전부,https://www.mois.go.kr/frt/sub/a06/b06/village/screen.do,지역주민이 각종 지역자원을 활용한 수익사업을 통해 소득 및 일자리를 창출 등 지역문제를 해결,api
20250625005400111136,해외산림청년인재 육성,취업,unknown,기타,19,34,unknown,unknown,,2025-01-16,2025-12-11,closed,해외자원담당관,https://ofiis.kofpi.or.kr/overseasForest_intern.do,산림분야 해외 근무지 파견을 통한 글로벌 인재 육성,api
20250625005400111135,청년 직장 성폭력 근절,취업,unknown,기타,0,0,unknown,unknown,,,,always,폭력예방교육과,https://shp.mogef.go.kr/shp/front/anony/suport/anonySuportPreventionEdu.do?menuNo=84010100,"교육기회, 접근성 부족 청년 등 대상 찾아가는 폭력예방교육 실시",api
20250624005400111131,창조경제혁신센터 멘토링 프로그램 운영,취업,창업지원,all,0,0,unknown,unknown,,,,always,중소벤처기업부,https://ccei.creativekorea.or.kr/,창조경제혁신센터를 통해 분야별 전문가 멘토링 및 창업상담 제공,api
20250624005400111130,청년창업기업 보증,취업,창업지원,all,17,39,unknown,unknown,,,,always,중소벤처기업부,https://www.kibo.or.kr/dbranch/index.do,청년창업기업 맞춤형 보증지원,api
20250624005400111129,청년전용창업자금,취업,창업지원,all,0,39,unknown,unknown,,,,always,중소벤처기업부,https://digital.kosmes.or.kr/dh/map/main.do,청년창업기업 성장을 위한 자금 지원,api
20250624005400111128,제조창업활성화(메이커스페이스 지원),취업,창업지원,all,0,0,unknown,unknown,,,,always,중소벤처기업부,https://ccei.creativekorea.or.kr/,메이커 저변확대 및 제조창업 촉진을 위한 사업비 지원,api
20250624005400111127,TIPS(팁스) 프로그램,취업,창업지원,all,0,0,unknown,unknown,,,,always,중소벤처기업부,https://www.k-startup.go.kr/,"유망 기술창업기업의 사업화, 마케팅 자금 지원",api
20250624005400111124,방위산업 전문인력 양성 지원사업,취업,unknown,기타,19,34,unknown,unknown,,,,always,국방기술진흥연구소,https://krit.re.kr/krit/contents.do?gotoMenuNo=02021100,산업 현장의 수요에 기반한 전문인력 양성 및 청년 일자리 창출을 통해 방위산업의 발전 생태계 조성을 지원하는 사업,api
20250623005400111122,청년 기술평가체험단,취업,취업지원,all,0,0,job_seeking,unknown,,,,always,중소벤처기업부,https://www.kibo.or.kr/main/index.do,청년구직자의 취업역량 제고와 중소기업에 대한 인식개선을 위해 중소기업 기술평가 현장 탐방 지원,api
20250623005400111121,기업인력애로센터,취업,취업지원,all,0,0,job_seeking,unknown,,,,always,중소벤처기업부,https://job.kosmes.or.kr/main/main.do,구인애로 중소기업을 발굴하고 청년구직자와 취업매칭,api
20250623005400111120,벤처기업경쟁력강화사업,취업,취업지원,all,0,0,unknown,unknown,,,,always,중소벤처기업부,https://www.gov.kr/portal/rcvfvrSvc/dtlEx/SD0000010429,우수한 벤처기업이 공동으로 청년 신규직원 채용 및 교육훈련 지원,api
20250623005400111119,스마트제조인력양성,취업,unknown,all,0,0,unknown,unknown,,,,always,중소벤처기업부,,스마트공장 전문인력 양성,api
20250623005400111117,기술사관 육성,취업,unknown,all,0,0,unknown,unknown,,,,always,중소벤처기업부,https://www.smes.go.kr/sanhakin/#w2xPath=/wqxml/cmn/menu/MAIN_new.xml&mainType=1,직업계고(2년) + 전문대(2년) 연계 교육을 통해 중소기업의 현장전문기술인력을 양성,api
20250623005400111116,중소기업 계약학과,취업,unknown,all,0,0,employed,unknown,,,,always,중소벤처기업부,https://www.smes.go.kr/sanhakin/#w2xPath=/wqxml/cmn/menu/intro.xml,중소기업 근로자 대상으로 산업계 수요를 반영한 학위과정 운영,api
20250623005400111110,경력단절 예방 지원 강화,취업,unknown,기타,0,0,unknown,unknown,,,,always,경력단절여성지원과,https://saeil.mogef.go.kr/hom/prevent/prevent01.do,ㅇ 청년여성의 직업의식 제고 및 장기적 경력개발 설계 등을 통한 선제적 경력단절예방 지원,api
20250623005400111109,청년 등 기업가 대상 중소기업 법률 서비스 지원,취업,unknown,기타,0,0,unknown,unknown,,,,always,상사법무과,https://9988law.com/startlaw,지원단 변호사가 중소기업을 위한 법률서비스를 제공할 경우 법률지원단이 비용 일부 지원,api
20250623005400111103,대학창업펀드 조성,취업,창업지원,all,0,0,unknown,unknown,,,,always,지역인재정책관,http://install.kvic.or.kr,초기 대학 창업기업에 자금을 공급하여 대학창업기업의 사업화 기반 마련 및 경쟁력 있는 기업으로 성장 지원,api
20250621005400111102,현장실습 지원,취업,unknown,all,0,0,unknown,unknown,,,,always,농림축산식품부,www.foodpolis.kr,"대학(원)생을 대상으로 동·하계, 학기·학년제, 석·박사 학위연수 등 장·단기 현장실습 교육을 지원하여 청년식품 인력 육성",api
20250621005400111101,청년식품 창업성장 지원,취업,창업지원,all,19,39,unknown,unknown,,,,always,농림축산식품부,,"식품분야 청년 예비·초기 창업자를 대상으로 전문교육, 시제품 제작 기회를 제공하여 창업 생태계 활성화 및 기술사업화 촉진",api
20250621005400111097,청년창업농장학금지원,취업,창업지원,all,0,39,unknown,unknown,,2025-01-01,2025-12-31,closed,농림축산식품부,www.rhof.or.kr,졸업 후 농식품분야 취·창업 희망 대학생에게 장학금을 지원하여 농업분야 우수 후계인력 육성,api
20250621005400111092,선임대후매도,취업,unknown,all,18,39,unknown,unknown,농업외소득 37백만원 미만,2025-01-01,2025-12-31,closed,한국농어촌공사,www.fbo.or.kr,농지 구입자금이 부족한 청년농에게 농지 확보 기회 제공,api
20250621005400111091,공공임대용 농지매입,취업,unknown,all,0,64,unknown,unknown,농업외소득 37백만원 미만,2025-01-01,2025-12-31,closed,한국농어촌공사,www.fbo.or.kr,농지은행이 농지를 매입하여 청년농 등에 낮은 임대료로 임대,api
20250620005400111087,직업계고 채용연계형 직무교육과정 지원,취업,취업지원,all,17,20,job_seeking,unknown,,2025-03-01,2026-02-28,closed,인력개발사업단(대한),https://hi.korchamhrd.net/,고졸 구직자 선호 직무와 기업이 기대하는 고졸 적합직무의 균형을 갖춘 내실있는 직무교육을 통해 구인난·구직난 동시 해소,api
20250619005400111080,직업계고 학생 현장실습 내실화,취업,unknown,all,16,19,unknown,unknown,,2025-03-01,2026-02-28,closed,한국장학재단,https://portal.kosaf.go.kr/CO/jcAction.do,괜찮은 현장실습 기회 발굴과 참여자 지원을 통해 내실 있는 현장실습 운영 및 참여 활성화 추진,api
20250619005400211076,2025년 1차 경기도 청년면접수당 모집,취업,unknown,all,18,39,job_seeking,unknown,,2025-06-18,2025-07-18,closed,경기도,https://apply.jobaba.net/bsns/bsnsDetailView.do?bsnsSeq=4487,경기도 청년의 적극적 구직활동을 지원하고자 「경기도 청년 면접수당」 지원 대상자를 아래와 같이 모집 공고 합니다.,api
20250618005400211022,2025년 울산광역시 남구 청년도전 지원사업(단기·중기),취업,unknown,기타,19,39,job_seeking,unknown,,2025-07-07,2025-11-23,closed,행정경제국,https://www.ulsan1.kr/busi/busi09.php#form,구직단념 청년을 발굴·모집하여 사회활동 참여의욕 고취 및 맞춤형 프로그램 제공,api
20250618005400111000,디지털 스타트업 허브 조성,취업,unknown,기타,0,0,unknown,unknown,,2025-01-01,2025-12-31,closed,과학기술정보통신부,,국내 혁신기술 스타트업과 해외 주요국 스타트업간 조인트벤처 추진 및 성장지원을 위한 디지털 스타트업 허브 구축,api
20250617005400110962,K-Shield 주니어 15기 정규과정,취업,unknown,all,19,34,unknown,unknown,,2025-07-21,2025-10-27,closed,한국인터넷진흥원,https://academy.kisa.or.kr/edu/apply/applyEduDetail.do?APPLY=04&SQ=9886,사이버보안 분야 입문 및 진출을 희망하는 청년 대상 정보보호 기초 교육(80시간 이상)과 직무 교육(300시간 이상) 운영,api
20250613005400110925,1인 미디어 창작자 및 스타트업 지원,취업,창업지원,기타,0,0,unknown,unknown,,2025-01-01,2025-12-31,closed,한국전파진흥협회,www.meplex.co.kr,"1인 미디어 창작자의 콘텐츠 제작 및 창업 활성화를 위한 스튜디오 운영, 인력 양성 등 지원",api
20250613005400110922,유망청년창업기업 보증,취업,창업지원,all,17,39,unknown,unknown,,0001-01-01,2029-12-31,open,신용보증기금,https://www.kodit.co.kr/apps/index.do,유망청년창업기업의 성장을 위한 우대보증 지원,api
20250612005400110918,현장실습 지원금,취업,unknown,all,17,19,unknown,unknown,,2025-03-01,2026-05-31,open,고졸취업지원부,https://www.kosaf.go.kr/ko/scholar.do?pg=scholarship_submain02,고졸 기술·기능 인재가 사회초기 안정적으로 정착할 수 있도록 현장실습 참여 수당 지원,api
20250612005400110917,경상이 의무복무 제대군인 취업지원 사업,취업,취업지원,all,18,34,unknown,unknown,,,,always,제대군인국,https://vnet.go.kr/,의무복무 제대군인 중 경상이자*에게 제대군인지원센터를 통한 취업서비스 지원 * 전(공)상을 입고 전역한 의무복무 제대군인 중 보훈대상으로 등록하였으나 등급기준에 해당되지 않은 경상이자,api
20250612005400110914,고교 취업연계 장려금,취업,취업지원,all,17,21,unknown,unknown,,2025-03-01,2025-05-31,closed,고졸취업지원부,https://www.kosaf.go.kr/ko/scholar.do?pg=scholarship_submain02,고졸 기술·기능 인재가 사회초기 안정적으로 정착할 수 있도록 취업연계 장려금 지원,api
20250612005400110913,희망사다리장학금 2유형(고졸 후학습자),취업,취업지원,all,0,0,unknown,unknown,,2025-01-01,2025-12-31,closed,지역인재정책관,,'고교졸업 후 대학진학' 일변도로 인한 과잉학력 및 청년일자리 구조적 문제 해소 휘한 선취업-후학습 활성화,api
20250612005400110912,희망사다리장학금 1유형(중소기업 취업연계),취업,취업지원,all,0,0,job_seeking,unknown,,2025-01-01,2025-12-31,closed,지역인재정책관,,기업 인력수요와 고학력 구직자 간 미스매치 완하를 위해 중소·중견기업 등 취업 희망 대학생에 인센티브 지원,api
20250610005400110903,첨단분야 글로벌 인재육성(한미첨단분야청년교류지원),취업,unknown,기타,0,0,unknown,unknown,,,,always,산업통상자원부,https://www.youtube.com/watch?v=Scz6WHZD3wg,"이공계 인재를 美주요 대학에 파견하여 첨단산업 분야의 기술, 경험 습득 기회를 제공하고, 글로벌 인재로 육성",api
20250610005400110901,바이오 인력양성,취업,unknown,기타,0,0,unknown,unknown,,,,always,산업통상자원부,,바이오분야 인력수급 불균형 해소와 현장형 실무교육을 통한 전문인력 양성 등 청년 일자리연계 지원 및 바이오 산업 활성화 기반마련,api
20250610005400110900,지역전문가 양성 및 공급,취업,unknown,기타,0,0,unknown,unknown,,,,always,산업통상자원부,,"중소, 중견기업의 수출시장 확대지원 및 전략적시장 진출을 위해 글로벌 지역별 필수 역량을 갖춘 무역전문인력 양성 및 공급",api
20250609005400110889,국가 중점육성분야 산업지원인력 지원 확대,취업,취업지원,기타,19,35,unknown,unknown,,,,always,병무청,https://www.mma.go.kr/contents.do?mc=mma0000760,국가 중점육성분야에 산업지원인력 편입 인원을 확대하고 복무만료 후에도 계속 취업과 연계되는 지속가능한 청년 일자리 지원,api
20250624005400111133,창업중심대학 지원,취업,창업지원,all,0,0,unknown,unknown,,,,always,중소벤처기업부,https://www.k-startup.go.kr/,창업역량이 우수한 대학을 선정하여 창업기업 지원,api
20250624005400111126,범부처 창업경진대회,취업,창업지원,all,0,0,unknown,unknown,,,,always,중소벤처기업부,,유망 (예비)창업자 발굴 지원 및 도전적인 창업 분위기 확산,api
20250621005400111093,스마트팜청년창업보육센터,취업,창업지원,all,18,39,unknown,unknown,,2025-09-01,2025-12-31,closed,한국농업기술진흥원,www.smartfarmkorea.net,스마트팜을 창농하고자 하는 청년들을 대상으로 실습위주의 장기 교육 제공,api
20250620005400111082,이공계 대학원생 청년창업 탐색지원,취업,창업지원,기타,0,0,unknown,unknown,,2025-01-01,2025-12-31,closed,재단법인과학기술사업화진흥원,https://www.compa.re.kr/,"대학,출연(연) 연구원이 기술사업화를 주도할 수 있도록 실험실창업 탐색교육을 지원하여 시장친화적 연구개발 도모 및 창업 성공률 제고",api
20250518005400110849,맞춤형화장품조제관리사 자격 역량강화,취업,unknown,기타,0,0,unknown,unknown,,2025-06-04,2025-07-02,closed,성신여자대학교,https://blog.naver.com/life_sungshin/223865068766,맞춤형화장품조제관리사 자격증 취득 후 실제 활용을 위해 식품의약품안전처와 성신여자대학교가 함께하는 맞춤형화장품조제관리사 자격 역량강화 교육입니다.,api
20250617005400110958,가상융합기술 아카데미(메타버스 아카데미),취업,창업지원,기타,18,39,unknown,unknown,,2025-01-01,2025-12-31,closed,한국전파진흥협회,http://mtvs.kr,만 39세 이하 청년 대상 프로젝트 중심의 실무 맞춤형 교육을 지원하여 가상 융합산업 현장에 즉시 투입 가능한 개발자·창작자 양성 및 취·창업 지원,api
20250430005400210732,지역주도형 청년일자리 사업(상생기반대응형),취업,창업지원,서울,18,39,unknown,unknown,,2025-01-01,2025-12-31,closed,강원특별자치도,,"인구감소지역에서 창업에 어려움을 겪는 청년의 신규 창업 및 성장을 지원, 서울외 지역에 창업 초기(지역내 창업7년이내) 청년의 후반 성장·정착을 지원하여 지속가능한 지역청년 일자리 토대를 마련",api
20250430005400210731,지역주도형 청년일자리 사업(지역혁신형),취업,unknown,기타,18,39,unknown,unknown,,2025-01-01,2025-12-31,closed,강원특별자치도,,지역경제와 청년이 함께 혁신·성장할 수 있도록 지역특화 일자리와 임금을 지원,api
20250428005400210725,2025년 청년간호사 근속장려금 지원,취업,unknown,기타,0,0,employed,unknown,,2025-01-01,2025-12-31,closed,강원특별자치도,,대도시 선호 및 잦은 이직으로 만성적 간호인력 부족상태가 지속되는 공공의료기관 초임간호사 대상 근속장려금 인센티브를 제공하여 지원동기 부여와 장기재직을 유도,api
20250424005400210720,강동구 미취업 청년 어학 및 자격시험 응시료 지원,취업,취업지원,서울,19,39,job_seeking,unknown,,2025-05-01,2025-12-31,closed,강동구,https://www.gangdong.go.kr/web/newportal/notice/01/53129,강동구 미취업 청년들에게 어학 및 자격시험 응시료를 지원하여 취업 준비에 대한 경제적 부담 완화 및 취업역량 강화를 통해 청년들의 적극적인 구직활동 촉진에 기여하고자 함,api
20250411005400210701,경기청년 해외진출(일본) 사업,취업,unknown,경기,19,39,unknown,unknown,,,,always,재단법인경기도일자리재단,https://apply.jobaba.net,도내 청년들의 글로벌 역량강화 및 해외진출 지원,api
20250403005400110686,해외조달 전문인력 양성,취업,취업지원,기타,19,34,employed,unknown,,2025-03-01,2025-11-30,closed,조달청,https://www.pps.go.kr/kor/bbs/view.do?bbsSn=2407150010&key=00634,"청년(학생 및 조달기업 재직자) 대상 해외조달시장에 대한 이론, 실무교육 실시 및 채용 연계",api
20250402005400210684,청년 재능자판기 운영,취업,unknown,경기,19,39,unknown,unknown,,2026-01-01,2026-12-31,open,의왕시,https://www.uiwang.go.kr/UWKORWEL1601,관내 청년공예가의 공예품을 판매할 수 있는 장을 마련하여 청년공예가의 판로지원 및 커뮤니티 활성화에 기여함,api
20250401005400210681,의왕시 청년옷장(면접정장 무료대여서비스),취업,unknown,경기,19,39,unknown,unknown,,2025-01-01,2025-12-31,closed,의왕시,https://apply.jobaba.net/bsns/bsnsDetailView.do?bsnsSeq=4018,의왕시 거주 청년(19세~39세) 면접용 정장 무료 대여 서비스,api
20250401005400210679,청년 융합기술 창업지원,취업,창업지원,경기,19,39,unknown,unknown,,2025-05-01,2025-12-31,closed,경기도,https://aict.snu.ac.kr/?p=265_view&idx=200&page=1,○ 사업목적 : 도내 청년들의 창의적 아이디어 발굴 및 우수 청년스타트업으로 성장할 수 있는 기회 제공 등을 통한 청년창업 저변 확대 ○ 사업대상 : 39세 이하 도에 거주하는 예비ㆍ3년이내 청년창업자 * 기존 「대,api
20250331005400110677,산림산업 창업지원_청년 산림창업 마중물 지원,취업,창업지원,기타,19,39,unknown,unknown,,,,always,한국임업진흥원,www.kofpi.or.kr,청년법인 도약 및 사업성공을 위한 청년 산림창업 마중물 지원하여 열악한 청년 창업 여건을 개선하여 산촌 정착 저변 확대,api
20250430005400210739,강원특별자치도 관광콘텐츠 스타트업,취업,창업지원,기타,0,0,unknown,unknown,,2025-01-01,2025-12-31,closed,강원창조경제혁신센터,https://ccei.creativekorea.or.kr/gangwon/main.do,스타트업(업력 7년 이하) 및 예비 창업자 대상 맞춤형 관광 콘텐츠 지원을 통한 차별화된 관광 활성화 방안 마련 및 청년 일자리 창출,api
20250327005400210667,경기도 청년 푸드창업 허브,취업,창업지원,경기,19,39,unknown,unknown,,,,always,재단법인경기도시장상권진흥원,https://ggbaro.kr/web/index.do,도내 청년(만 39세 이하) 대상 원-스톱 외식업 창업지원 프로그램 운영,api
20250327005400210665,청년 행정체험 인턴,취업,취업지원,경기,19,29,unknown,unknown,,2025-01-01,2025-12-31,closed,시흥시,https://www.siheung.go.kr/portal/youth/intern/anm/list.do?anmType=1&mId=0101020100,사회진입 이행기 청년에게 일경험 제공을 통한 취업역량 강화,api
20250321005400110645,해양경찰청 청년인턴 채용,취업,취업지원,기타,19,34,unknown,unknown,,,,always,해양경찰청,https://www.kcg.go.kr/kcg/na/ntt/selectNttInfo.do?nttSn=59846&mi=2797,"ㅇ 청년의 일경험 기회를 확대하고, 정책과정 경험 및 참여를 통해 청년의 다양한 시각을 반영하기 위한 2025년 해양경찰청 청년인턴 채용",api
20250316005400210625,서울 청년 밀키트 창업지원,취업,창업지원,서울,19,39,unknown,unknown,,2025-01-01,2025-12-31,closed,농수산유통과,,ㅇ 민관 보유 창업 인프라를 활용한 청년 밀키트 창업 지원으로 준비된 창업가 양성,api
20250316005400210624,로컬크리에이터 양성(로컬인서울),취업,창업지원,서울,19,39,unknown,unknown,,2025-01-01,2025-12-31,closed,상권활성화과,,ㅇ 지역의 역사적․문화적 특색을 살린 상품․서비스로 로컬브랜드 상권 활성화에 앞장설 수 있는 청년 창업가 양성 및 지원,api
20250316005400210622,캠퍼스타운 혁신 및 청년희망·지역경제 활성화,취업,창업지원,서울,19,39,unknown,unknown,,2025-01-01,2025-12-31,closed,경제일자리기획관,,"ㅇ 대학의 인적 물적·자산 등을 활용, 대학 및 청년 창업 활성화",api
20250316005400210621,청년쿡 비즈니스센터 식품제조 스타트업 지원,취업,창업지원,서울,19,34,unknown,unknown,,2025-01-01,2026-02-28,closed,청년사업담당관,https://forms.gle/NHB9oJEbgK7voXB29,청년 푸드산업 스타트업 창업 활성화를 위한 성장 기반 마련,api
20250316005400210620,지역연계형 청년 창업 지원사업(넥스트로컬),취업,창업지원,서울,19,39,unknown,unknown,,2025-01-01,2025-12-31,closed,대외협력과,https://seoulnextlocal.co.kr/,ㅇ 지역상생 차원의 농업‧농촌자원에 대한 인식 전환 및 문화‧관광‧IT 등 다양한 분야에서의 서울청년 참여 지역활력사업 추진 ㅇ 서울청년의 지역탐색 과정 통한 지역자원 활용 아이디어 발굴 ‧실험 지원 및 서울-지방 ,api
20250316005400210619,서울청년 예비인턴,취업,unknown,서울,19,39,unknown,unknown,,2025-01-01,2025-12-31,closed,청년정책담당관,,"ㅇ 대학 재학생에게 졸업 전 선제적으로 일경험 기회를 제공하여, 청년들의 직무역량을 향상시키고 기업 요구에 맞는 실무형 인재 양성",api
20250315005400210618,미래 청년 일자리 사업,취업,unknown,서울,19,39,unknown,unknown,,2025-01-01,2025-12-31,closed,청년정책담당관,,ㅇ 미래 변화를 주도할 신산업 분야 청년일자리 발굴 및 제공 ㅇ 기업맞춤형 직무교육과 일경험 병행을 통해 기업-청년 미스매치 완화,api
20250315005400210616,서울 매력일자리,취업,창업지원,서울,18,39,job_seeking,unknown,,2025-01-01,2025-12-31,closed,경제일자리기획관,https://job.seoul.go.kr,어려운 고용여건에 있는 실업시민이 안정된 생활기반 위에서 직업역량을 배양하고 체계적인 취·창업 지원을 통해 안정적 일자리 진입 지원,api
20250315005400210614,서울시 일자리카페 운영,취업,취업지원,서울,19,39,unknown,unknown,,2025-01-01,2025-12-31,closed,경제일자리기획관,,"ㅇ 취업준비 청년에게 일자리정보와 취업상담, 특강, 멘토링 등 취업 역량강화 프로그램과 스터디룸 대여, 이력서용 사진촬영 등 취업 준비 종합서비스 제공",api
20250315005400210613,서울형 청년인턴 직무캠프,취업,취업지원,서울,18,34,job_seeking,unknown,,2025-01-01,2025-12-31,closed,경제일자리기획관,,ㅇ 실무중심 직무교육과 인턴십 과정의 접목으로 청년 구직자에게 일경험 및 취업역량 강화 지원,api
20250315005400210612,취업날개 서비스 지원,취업,취업지원,서울,18,39,job_seeking,unknown,,2025-01-01,2025-12-31,closed,경제일자리기획관,https://youth.seoul.go.kr/content.do?key=2310100015,ㅇ 물가상승과 취업난으로 경제적 부담을 겪고 있는 구직 청년들을 지원,api
20250310005400110606,체계적인 지식재산 인재 및 리더 양성,취업,unknown,기타,0,0,unknown,unknown,,2025-03-01,2025-12-31,closed,한국발명진흥회,,지식재산 전문인력 양성 중점대학 운영 및 산학협동현 캠퍼스특허유니버시아드 운영,api
20250310005400110605,지식재산 기반 창업촉진(IP 디딤돌 프로그램),취업,창업지원,기타,0,0,unknown,unknown,,2025-01-01,2025-12-31,closed,한국발명진흥회,https://www.kipo.go.kr/ko/kpoContentView.do?menuCd=SCD0200313,"개인 및 예비창업자를 대상으로 창의적 아이디어를 기술적으로 발전시켜 사업아이템을 도출하고, 이에 대한 지식재산 컨설팅 및 권리화 지원",api
20250410005400210698,(의왕시)청년 인턴사업,취업,취업지원,경기,19,39,unknown,unknown,,2025-03-01,2025-11-30,closed,의왕시,https://www.uiwang.go.kr/index,취업 준비 청년을 대상으로 의왕시 산하 행정기관에서 시정체험 및 직무경험 기회를 제공함,api
20250309005400210602,서울형 강소기업 육성 지원,취업,취업지원,서울,0,0,unknown,unknown,,2025-01-01,2025-12-31,closed,경제일자리기획관,,"청년에게는 우수 중소기업에서 일할 기회를, 중소기업에게는 청년 인재를 채용할 기회를 제공하여 청년과 중소기업의 일자리 미스매치 해소를 통한 청년 일자리 확대에 기여",api
20250307005400210600,부천 청년 사진 Dream(드림),취업,취업지원,경기,18,39,job_seeking,unknown,,2025-03-01,2025-11-30,closed,부천시,https://apply.jobaba.net/bsns/bsnsDetailView.do?bsnsSeq=4198,부천시 청년 구직자의 고용 촉진을 위하여 청년의 자격증 시험·취업에 필요한 증명사진 지원,api
20250305005400110592,AI 보안관제 전문인력 양성(5기) 교육,취업,취업지원,all,0,34,job_seeking,unknown,,2025-03-17,2025-04-18,closed,한국인터넷진흥원,https://academy.kisa.or.kr,사이버보안 분야(보안관제) 취업을 희망하는 청년 구직자 대상 정보보호 기초 및 보안관제 직무 교육(총 200시간) 운영,api
20250305005400110591,K-Shield 주니어 14기 정규과정,취업,unknown,all,0,34,unknown,unknown,,2025-03-24,2025-06-25,closed,한국인터넷진흥원,https://academy.kisa.or.kr,사이버보안 분야 입문 및 진출을 희망하는 청년 대상 정보보호 기초 교육(80시간 이상)과 직무 교육(300시간 이상) 운영,api
20250304005400210578,청춘어람 육성사업,취업,unknown,기타,18,45,unknown,unknown,,2025-01-01,2025-12-31,closed,재단법인전라남도관광재단,,실무형 섬 실무형 섬 실무형 섬 지역 관광 활성화와 경쟁력 강화에 기여합니다.,api
20250221005400110546,창업도약패키지(투자병행형) 창업기업 모집,취업,창업지원,all,0,0,unknown,unknown,,,,always,중소벤처기업부,,도약기 창업기업의 비즈니스 모델 혁신 및 제품·서비스 고도화 지원,api
20250221005400110545,창업도약패키지(대기업협업형) 창업기업 모집,취업,창업지원,all,0,0,unknown,unknown,,,,always,중소벤처기업부,,도약기 창업기업의 비즈니스 모델 혁신 및 제품·서비스 고도화 지원,api
20250221005400110544,창업도약패키지(일반형) 창업기업 모집,취업,창업지원,all,0,0,unknown,unknown,,,,always,중소벤처기업부,,도약기 창업기업의 비즈니스 모델 혁신 및 제품·서비스 고도화 지원,api
20250221005400110543,스타트업 해외전시회 참가기업 모집,취업,창업지원,all,0,0,unknown,unknown,,2025-02-21,2025-12-31,closed,중소벤처기업부,https://www.k-startup.go.kr/web/contents/bizpbanc-ongoing.do?schM=view&pbancSn=172012&pbancEndYn=N,유망 창업기업의 인도 시장 진출 지원과 글로벌 경쟁력 강화 도모를 위한 전시회 참가 지원,api
20250221005400110542,초기창업패키지 창업기업 모집,취업,창업지원,all,0,0,unknown,unknown,,,,always,중소벤처기업부,https://www.k-startup.go.kr,창업 후 3년 이내 초기창업기업의 사업 안정화 및 성장 지원,api
20250221005400110541,재도전성공패키지 IP전략형 (예비) 재창업기업 지원,취업,창업지원,all,0,0,unknown,unknown,,,,always,중소벤처기업부,,"특허, 실용신안, 디자인 중 1건 이상 출원 또는 등록한 폐업이력을 보유한 (예비)재창업자의 성공적인 재창업 지원",api
20250221005400110540,예비창업패키지 창업기업 모집,취업,창업지원,all,0,0,unknown,unknown,,,,always,중소벤처기업부,https://www.k-startup.go.kr,혁신적인 기술과 사업모델을 보유한 예비창업자의 성공적인 창업 지원,api
20250221005400110539,글로벌 기업 협업 프로그램 창업기업 모집,취업,창업지원,all,0,0,unknown,unknown,,2025-04-01,2025-11-30,closed,중소벤처기업부,,"정부와 글로벌 기업이 협업하여 창업기업의 성장을 지원하고, 글로벌시장 진입 기회 마련",api
20250221005400110538,재도전성공패키지 일반형 (예비) 재창업기업 지원,취업,창업지원,all,0,0,unknown,unknown,,2025-03-07,2025-12-31,closed,중소벤처기업부,,성실한 실패 경험과 우수한 아이템을 보유한 (예비)재창업자의 성공적인 재창업 지원,api
20250218005400210447,광주 인공지능사관학교 운영,취업,창업지원,기타,18,39,unknown,unknown,,2025-01-01,2025-12-31,closed,AI반도체과,,산업계 수요를 반영한 양질의 맞춤형 교육을 지원하여 기업이 원하는 최적의 AI 실무인재 양성과 AI 기술 기반 취‧창업 활성화 도모,api
20250212005400110439,고교생 맞춤형 고용서비스,취업,취업지원,all,0,0,unknown,unknown,,,,always,고용노동부,https://www.moel.go.kr/policyitrd/policyItrdView.do?policy_itrd_sn=12,"대학의 우수 인프라를 활용하여 취업을 희망하는 고교 재학생을 대상으로 진로 설계, 희망직업 포트폴리오 작성 및 취업활동계획 수립 지원, 직업훈련·일경험 연계 등 맞춤형 고용서비스를 제공하여 졸업 후 원활한 노동시장 ",api
20250212005400110438,직장적응 지원,취업,unknown,all,15,34,unknown,unknown,,,,always,고용노동부,https://youth-up.kr/growth,산업단지 입주기업 등의 CEO‧중간관리자‧인사담당자 대상 청년친화 조직문화 교육‧컨설팅 및 신입직원 대상 직장적응 지원 프로그램(on-borarding)을 제공합니다.,api
20250212005400110437,대학일자리플러스센터,취업,취업지원,all,15,34,unknown,unknown,,,,always,고용노동부,https://www.work.go.kr/jobyoung/weSchEmpConsltRoom/weSchEmpConsltRoomSvcInvite.do?p=t1,"학내 취업지원 인프라 구축과 기초 취업지원 프로그램 운영을 위한 운영비·프로그램비를 지원하여, 대학 내 흩어져 있는 청년 취업지원 인프라를 통합하고 청년에게 원스톱 서비스 제공할 수 있는 기반을 마련",api
20250212005400110436,취업희망프로그램,취업,취업지원,all,0,0,unknown,unknown,,,,always,고용노동부,https://work24.go.kr/wk/b/a/1120/empSchdInviteCtrList.do,"나의 긍정적인 측면을 찾도록 하여 자신감 회복과 인간관계 향상과 취업, 원만한 사회생활 적응 등을 돕는 집단상담 프로그램",api
20250212005400110435,NCS 기반 능력중심 채용,취업,취업지원,all,0,0,unknown,unknown,,,,always,한국산업인력공단,https://www.ncs.go.kr/index.do,"NCS 기반으로 분석한 직무의 상세 내용 및 직무능력 평가 기준을 바탕으로, 학벌 등 불필요한 스펙(Over-spec)이 아닌, 직무 수행 현장에서 원하는 직업능력, 즉 해당 직무에 맞는 스펙(On-spec)을 갖추",api
20250212005400110434,청년일자리 강소기업 선정,취업,unknown,all,0,0,unknown,unknown,,2025-01-01,2027-12-31,open,고용노동부,https://www.moel.go.kr/news/notice/noticeView.do?bbs_seq=20241201913,중소·중견기업에 대한 인식개선 등을 위해 청년고용 및 기업경쟁력이 우수한 '청년일자리 강소기업'을 선정하여 기업정보 제공 및 홍보 등 지원,api
20250212005400110433,K-Move 스쿨,취업,취업지원,all,15,34,unknown,unknown,,2025-01-01,2025-12-31,closed,한국산업인력공단,https://www.worldjob.or.kr/new_index.do,"청년과 구인기업이 요구하는 어학 및 직무능력, 생활문화 등에 대한 맞춤형 교육(연수)과정 제공 후 해외취업 연계",api
20250212005400110432,조기재취업수당,취업,취업지원,all,0,0,job_seeking,unknown,,,,always,고용노동부,https://www.work24.go.kr,"구직급여 수급자격자가 실업의 신고일로부터 14일이 지난 후 재취업한 날의 전날을 기준으로 소정급여일수를 1/2 이상 남기고 재취업한 경우, 12개월 이상 계속 고용되거나 또는 사업을 영위한 경우에 남아 있는 구직급여",api
20250212005400110427,취업특강,취업,취업지원,all,0,0,employed,unknown,,,,always,고용노동부,https://work24.go.kr/wk/b/a/1120/empSchdInviteCtrList.do,"고용시장에 대해 이해하고 구직에 필요한 근로기준법, 일자리정보 수집방법, 이력서/자기소개서 작성방법 및 면접요령 등을 빠르게 알 수 있도록 지원하는 강의식 프로그램(과정별 2시간)",api
20250212005400110426,국가기간·전략산업직종 훈련,취업,unknown,all,15,75,job_seeking,unknown,참여 제한 대상 참고,2025-01-01,2025-12-31,closed,고용노동부,https://www.work24.go.kr/hr/a/a/1100/trnnCrsInf.do,고용센터 상담 결과 훈련 필요성이 인정되는 구직자 등이 국가기간·전략산업직종 훈련에 참여할 수 있도록 훈련비 등 지원,api
20250212005400110425,첨단산업·디지털 핵심 실무인재 양성훈련(K-디지털 트레이닝),취업,unknown,all,15,75,unknown,unknown,참여 제한 대상 참고,2025-01-01,2025-12-31,closed,고용노동부,https://www.work24.go.kr,"AI, 빅데이터, 반도체 등 첨단산업·디지털 분야에서 핵심적인 역할을 담당할 인재를 양성하기 위해 고용노동부가 지원하는 훈련 과정",api
20250212005400110424,국민취업지원제도,취업,취업지원,all,15,69,job_seeking,unknown,,,,always,고용노동부,https://www.kua.go.kr/uaptm010/selectMain.do,취업을 원하는 사람에게 취업지원서비스를 종합적으로 제공하고 저소득 구직자에게는 생계를 위한 최소화의 소득을 지원하기 위한 제도,api
20250212005400110423,고용복지플러스센터,취업,unknown,all,0,0,unknown,unknown,,,,always,고용노동부,https://www.workplus.go.kr/intro/centerJob.do,"일자리, 복지, 서민금융 서비스를 한 곳에서 One-stop 지원",api
20250212005400110422,마음똑똑心+,취업,unknown,all,0,0,job_seeking,unknown,,,,always,고용노동부,https://work24.go.kr/wk/b/a/1110/retriveIntro.do,자기 이해를 통한 구직의욕 향상을 집중 지원하는 집단상담프로그램,api
20250212005400110421,성취프로그램,취업,unknown,all,0,0,job_seeking,unknown,,,,always,고용노동부,https://work24.go.kr/wk/b/a/1120/empSchdInviteCtrList.do,구직기술 향상을 통해 자신감 회복을 지원하는 집단상담 프로그램,api
20250212005400110420,일반고 특화훈련,취업,취업지원,all,17,19,unknown,unknown,참여 제한 대상 참고,2025-01-01,2025-12-31,closed,고용노동부,https://www.work24.go.kr,대학 진학이 아닌 취업을 희망하는 일반계고 3학년생에게 맞춤형 직업능력개발훈련 기회 제공,api
20250211005400110419,(국민연금) 실업크레딧 지원,취업,unknown,all,18,60,job_seeking,unknown,,,,always,고용노동부,http://www.moel.go.kr/policy/policyinfo/safety/list7.do,실업자의 노후소득 보장을 강화하기 위해 구직급여 수혜기간 동안 국민연금 보험료의 일부를 지원하고 그 기간을 연금 가입기간으로 산입하는 제도,api
20250211005400110418,월드잡플러스(해외통합정보망),취업,취업지원,all,0,99,unknown,unknown,,2025-01-01,2025-12-31,closed,한국산업인력공단,https://www.worldjob.or.kr/new_index.do,"해외취업을 희망하는 청년들에게 해외일자리 정보, 해외 생활정보, 취업비자 등 다양한 해외취업 정보제공 등을 통해 해외취업 활성화 도모",api
20250211005400110417,청소년·청년 근로권익센터,취업,unknown,all,15,34,employed,unknown,,2025-02-01,2025-12-31,closed,고용노동부,http://www.youthlabor.co.kr/,"청소년·청년 근로자의 근로조건보호를 위한 근로 상담(온라인,전화,카톡) 및 무료 권리구제 등 지원",api
20250211005400110414,단기집단상담프로그램,취업,취업지원,all,0,0,job_seeking,unknown,,,,always,고용노동부,https://work24.go.kr/wk/b/a/1120/empSchdInviteCtrList.do,구직자가 취업의욕 고취 및 직업기초능력 향상 등 필요한 부분만을 선택하여 습득할 수 있도록 지원하는 체험·실습식 프로그램(과정별 3시간),api
20250211005400110413,K-디지털 기초역량훈련,취업,unknown,all,15,75,unknown,unknown,참여 제한 대상 참고,,,always,고용노동부,https://www.work24.go.kr,노동시장 참여자가 디지털 역량 부족으로 노동시장 진입/적응에 어려움을 겪지 않도록 디지털 기초역량 개발 지원,api
20250211005400110411,해외취업알선,취업,취업지원,all,0,0,job_seeking,unknown,,2025-01-01,2025-12-31,closed,한국산업인력공단,https://www.worldjob.or.kr/new_index.do,"대한민국 인재채용을 희망하는 해외업체에 구인서비스, 해외취업을 희망하는 구직자에게 일자리정보 제공",api
20250207005400110410,대학 재학생 맞춤형 고용서비스,취업,unknown,all,0,0,unknown,unknown,,,,always,고용노동부,https://www.work.go.kr/schoolToWork/index.do,청년들에게 재학 중 고용서비스 조기 지원을 위해 심층상담에 기반한 맞춤형 훈련·일경험 서비스를 제공하고 청년의 원활한 학교-노동시장 이행을 지원하고자 선정 대학에 인건비·프로그램비·수당 등을 지원,api
20250204005400110409,청년 국가기술자격시험 응시료 지원사업,취업,unknown,all,0,34,job_seeking,unknown,,,,always,한국산업인력공단,https://www.q-net.or.kr/man001.do?gSite=Q,청년의 구직활동과 경력개발의 경제적 부담을 완화하기 위한 사업,api
20250123005400110401,예술인 고용보험,취업,unknown,all,0,0,job_seeking,unknown,월평균소득 50만원 이상 / ① 단기예술인(1개월 미만 계약자)은 소득요건 없음 ② 소득요건 미충족 일반예술인도 다른 문화예술용역 계약과의 소득합산 시 50만원 이상인 경우 적용,,,always,고용노동부,https://total.comwel.or.kr,문화예술용역 계약을 체결한 예술인에 대한 고용보험 적용을 통해 실업급여·출산전후급여 지급을 통한 고용안전망 확충,api
20250123005400110400,청년취업ON,취업,취업지원,all,18,34,unknown,unknown,,,,always,고용노동부,https://work24.go.kr/wk/b/a/1120/empSchdInviteCtrList.do,직무군별 역량이해와 개인경험을 기반으로 한 효과적인 채용서류와 채용면접준비를 돕는 컨설팅 프로그램,api
20250123005400110399,유연근무제 장려금(사업주 지원),취업,unknown,all,0,0,employed,unknown,,,,always,고용노동부,http://www.work24.go.kr,"소속 근로자가 일·생활 균형을 위해 유연근무제를 활용하게 하는 중소, 중견기업에게 장려금 지원",api
20250123005400110397,국가인적자원개발 컨소시엄,취업,unknown,all,0,99,employed,unknown,,2025-01-01,2025-12-31,closed,한국산업인력공단,http://www.c-hrd.net/index.php,"중소기업 재직근로자의 직업훈련 참여 확대와 신성장동력분야, 융복합분야 등의 전략산업 전문인력육성, 산업계 주도의 지역별 직업훈련기반 조성 등을 위해 공동훈련에 필요한 훈련 인프라와 훈련비 지원 사업",api
20250123005400110396,청년층직업지도프로그램(CAP@),취업,취업지원,all,18,34,job_seeking,unknown,,,,always,고용노동부,https://work24.go.kr/wk/b/a/1120/empSchdInviteCtrList.do,"청년층의 직업 선택을 지원하고, 취업서류 작성, 면접기술 강화 등 구직기술 향상을 돕는 집단상담 프로그램",api
20250123005400110395,구직자ㆍ기업 도약보장 패키지,취업,취업지원,all,0,0,job_seeking,unknown,,,,always,고용노동부,https://www.work24.go.kr/cm/c/f/1100/selecSystInfo.do?currentPageNo=1&recordCountPerPage=10&systId=SI00000326&systClId=SC00000192,"□ 인구·산업구조 변화, 취업·채용 형태 다양화, 일에 대한 인식 변화, 온라인·디지털 서비스 확산 등 고용서비스 여건 변화에 대응 필요",api
20250123005400110394,미래내일 일경험 사업,취업,취업지원,all,15,34,job_seeking,unknown,,,,always,고용노동부,https://yw.work24.go.kr,직무역량을 중시하는 채용 트렌드 변화에 대응하여 민·관협업을 기반으로 미취업 청년에게 다양한 일경험 기회를 제공하여 원활한 노동시장 진입을 지원,api
20250123005400110393,국민내일배움카드,취업,unknown,all,15,75,unknown,unknown,참여 제한 대상 참고,,,always,고용노동부,https://www.work24.go.kr,급격한 기술발전에 적응하고 노동시장 변화에 대응하는 사회안전망 차원에서 생애에 걸친 역량계발 향상 등을 위해 국민 스스로 직업능력개발훈련을 실시할 수 있도록 훈련비 등 지원,api
20250123005400110392,국내해외취업센터 운영,취업,취업지원,all,15,34,unknown,unknown,,2025-01-01,2025-12-31,closed,한국산업인력공단,https://www.worldjob.or.kr/new_index.do,"해외취업 아카데미 및 상시채용관 운영(면접 지원), 온·오프라인 상담서비스 및 전략설명회 등 해외취업 상담·지원",api
20250123005400110391,해외 K-Move 센터 운영,취업,취업지원,all,15,34,unknown,unknown,,2025-01-01,2025-12-31,closed,대한무역투자진흥공사,https://www.worldjob.or.kr/new_index.do,"코트라 해외무역관 등을 활용하여 양질의 해외일자리 발굴 및 취업알선, 헬프데스크 운영을 통한 취업자 사후관리 및 애로사항 해소 지원, 현지 취업 박람회 개최를 통한 취업 지원 등",api
20250123005400110390,청년일자리 도약장려금,취업,취업지원,all,15,34,employed,unknown,(기업)매출액 기준 (청년)해당없음,2025-01-01,2025-12-31,closed,고용노동부,https://www.work24.go.kr,"기업의 청년고용 확대를 지원하고, 취업애로 청년의 취업을 촉진함으로써, 청년고용 활성화를 목적으로 하는 정책 ㅇ (유형Ⅰ) 5인 이상 중소기업에서 취업애로청년을 정규직으로 채용하고 6개월 이상 고용유지시 기업지원금 ",api
20250123005400110384,결혼이민여성 취업지원,취업,취업지원,all,0,0,employed,unknown,,2025-01-01,2025-12-31,closed,고용노동부,https://www.gov.kr/portal/rcvfvrSvc/dtlEx/PTR000050672?administOrgCd=ALL,집단상담프로그램 참여를 통하여 경력단절 결혼이민 여성등의 근로의욕 고취와 구직능력향상을 도모하고 직업훈련 연계 및 취업알선 등 취업지원서비스 제공,api
20250123005400110377,직업훈련 생계비대부사업,취업,취업지원,all,0,0,employed,unknown,추가 신청자격요건 참고,,,always,근로복지공단,https://welfare.comwel.or.kr/service/default/svcs/login.do?mCode=M020040000,"취약계층(비정규직근로자, 전직실업자, 무급휴직자, 자영업자인 피보험자)이 생계비에 대한 부담 없이 장기간 체계적인 훈련을 받고 더 나은 일자리로의 취업을 할 수 있도록 생계비를 융자 신청할 수 있도록 함",api
20250122005400110376,취업능력향상(행복오름) 프로그램,취업,취업지원,all,0,0,employed,unknown,,,,always,고용노동부,https://work24.go.kr/wk/b/a/1120/empSchdInviteCtrList.do,"근로능력수급자의 근로의욕 증진과 경력설계를 돕기 위해, 대상자의 취업능력 향상을 지원하고 맞춤형 취업지원이 이루어질 수 있도록 마련된 프로그램",api
20250122005400110369,구직급여,취업,취업지원,all,0,0,employed,unknown,,,,always,고용노동부,https://work24.go.kr,고용보험 근로자가 실직하여 재취업 활동을 하는 기간에 소정의 급여를 지급함으로써 실업으로 인한 생계불안을 극복하고 생활의 안정을 도와주며 재취업의 기회를 지원해주는 제도,api
20250122005400110355,해외취업정착지원금,취업,취업지원,all,15,34,unknown,unknown,,2025-01-01,2025-12-31,closed,한국산업인력공단,https://www.worldjob.or.kr/login/login.do?menuId=1000000574,해외취업에 성공한 도전적인 청년의 원활한 현지 정착과 장기근속을 위해 지원금 지급,api
20250122005400110354,고용유지지원금,취업,unknown,all,0,0,employed,unknown,,,,always,고용노동부,https://www.work24.go.kr,"경기변동, 산업구조의 변화 등에 따른 경영악화 로 고용조정이 불가피하게 된 사업주가 근로자를 퇴직시키지 않고 고용유지조치(휴업, 휴직, 무급휴업, 휴직 등)를 실시하는 경우 지원금을 지원함으로써 근로자의 실업 예방 ",api
20250122005400110353,꿈드림 공작소,취업,unknown,all,0,0,unknown,unknown,,,,always,학교법인한국폴리텍 직업능력운영부,https://dream.kopo.ac.kr/home/reqstrcept/index.do,"대국민 공공인프라 개방 서비스로 국민의 직업능력개발을 위해 대국민 무료 기술교육 및 체험활동 지원, 러닝팩토리, 공유스튜디오 등 시설 장비 개방 등 지원",api
20250122005400110348,청년성장프로젝트(청년카페),취업,취업지원,all,15,34,job_seeking,unknown,,,,always,고용노동부,https://www.work24.go.kr/wk/v/a/1000/youngGrowIntro.do,"청년의 구직활동 지원 및 쉬었음 전환 예방을 위해 고용노동부, 자치단체가 함께 미취업 청년 등에게 청년 친화적 인프라(청년카페) 및 맞춤형 프로그램 제공",api
20250122005400110347,해외일경험 지원사업(WELL),취업,취업지원,all,15,34,unknown,unknown,,2025-01-01,2025-12-30,closed,한국산업인력공단,https://www.worldjob.or.kr/advnc/wellStrnList.do?menuId=1000006608,청년들에게 해외 일경험(Work Experience)을 통한 직무체험 학습(Learning) 기회를 제공함으로써 국내외 취업사다리(Ladder) 역할 수행으로 청년들의 해외 일경험을 지원하는 사업,api
20250122005400110346,청년도전지원사업,취업,unknown,all,18,34,job_seeking,unknown,,,,always,고용노동부,https://www.work.go.kr/youngChallenge/index.do,"구직단념청년 등에게 구직의욕 고취 및 자신감 강화를 위한 맞춤형 프로그램 제공, 참여자에게 참여수당.인센티브 지급",api
20250115005400110296,행복도시 공동캠퍼스의 안정적인 정착 지원,취업,unknown,기타,0,0,unknown,unknown,,,,always,도시성장촉진과,https://happydorm.or.kr/sejong,인재 양성을 위한 캠퍼스 조성과 장단기 성장기반 마련을 병행하여 도시 지속적 성장을 위한 새로운 성장동력 확보,api
20250115005400110285,스타트업AI기술인력 양성(이어드림스쿨),취업,취업지원,all,18,39,unknown,unknown,,2025-03-13,2025-12-31,closed,중소벤처기업부,,청년 대상 AI 실무 교육 및 관련 스타트업 취업 연계 지원,api
20250115005400210276,남동형 청년재직자 내일채움공제 플러스 사업,취업,unknown,기타,18,39,employed,unknown,,,,always,인천지역본부,,"중소기업 사업주와 청년 근로자, 정부가 3년간 공동으로 적립한 공제금을 3년 만기 시 장기 재직한 청년 근로자에게 성과보상금 형태로 지급",api
20250115005400210275,청년창업지원센터 운영,취업,창업지원,기타,18,39,unknown,unknown,,,,always,남동구,,스타트업 청년 창업자에 대한 체계적인 지원을 통한 창업 성공 및 남동구 우수한 청년 기업 육성,api
20250115005400210274,2025년 청년도전지원사업,취업,취업지원,all,18,34,job_seeking,unknown,,2025-02-01,2025-12-31,closed,남동구,,"구직단념청년 등을 대상으로 맞춤형 프로그램을 제공하고, 청년의 구직의욕 고취, 노동시장 참여 및 취업촉진을 지원하는 사업",api
20250115005400110269,디지털숲가꾸기,취업,unknown,기타,19,39,unknown,unknown,,2025-04-01,2025-12-19,closed,한국임업진흥원,,"청년 일자리를 통한 국공사유림 과거 산림경영활동(조림, 숲가꾸기 등) 데이터를 수집하고 공간정보를 구축",api
20250115005400210262,꿈이룸 프로젝트,취업,취업지원,경기,18,39,job_seeking,unknown,,2025-01-01,2025-12-31,closed,기획재정국,https://apply.jobaba.net/bsns/bsnsDetailView.do?bsnsSeq=3960,광주시에 주민등록을 둔 18~39세 청년 구직자(고교졸업예정자포함) 또는 광주시 소재 대학교에 재학(휴학)중인 취업준비생의 면접 준비 부담 해소 및 구직비용 절감을 위해 면접정장을 횟수 제한 없이 대여해주며 연간 1,api
20250114005400110232,국제옵서버 인력 확대,취업,unknown,기타,19,34,unknown,unknown,,2025-01-01,2025-12-31,closed,수산정책관,https://www.fira.or.kr,"해외 조업 원양어선 승선, IUU 어업 예방 및 감시와 과학자료 수집 활동을 하는 청년 국제옵서버 양성",api
20250114005400110219,청년해기인력 공급기반 강화,취업,취업지원,기타,19,34,job_seeking,unknown,,2025-01-01,2025-12-31,closed,선원정책과,https://edu.hikosma.or.kr,"미취업 청년해기사를 대상으로, 산.학 협력을 통한 선사 맞춤형 특화교육 및 취업지원을 하고 승선에 대한 동기부여 등을 통해 국적 청년 해기사의 안정적 공급시스템 구축",api
20250113005400110180,취업지원대상자 취업능력개발비용 지원(국가보훈부),취업,취업지원,all,18,74,unknown,unknown,,,,always,국가보훈부,https://job.mpva.go.kr/,국가보훈대상자 중 '취업지원 대상자의 취업역량 향이상'을 위한 취업수강료 지원,api
20250113005400110171,청년어업인 정착지원 사업,취업,unknown,기타,18,40,unknown,unknown,건강보험료 소득판정 기준 중위소득 150%,,,always,어촌양식정책관,,청년의 어촌유입과 안정적인 어촌정착을 위해 정착자금 지원,api
20250112005400110167,산림산업 창업지원,취업,창업지원,기타,18,39,unknown,unknown,,,,always,한국임업진흥원,,산림분야 관심자 및 전공자 태상 취ㆍ창업 실적역량 강화로 임산업 분야 우수 청년인재 유입 확대,api
20250110005400110161,제대군인 직업능력 개발훈련,취업,unknown,all,0,0,unknown,unknown,,,,always,국가보훈부,,전역 예정자의 직업능력 개발훈련 지원 사업,api
20250110005400110155,제대군인 직업능력개발교육비 지원,취업,취업지원,all,0,0,unknown,unknown,,,,always,제대군인일자리과,https://www.vnet.go.kr/gud/GudCv004.do,제대군인 및 전역예정자를 대상으로 개인의 전직목표와 적성에 맞는 맞춤식 전문교육을 통해 취업에 직접적으로 필요한 교육훈련과정 지원 사업,api
20250110005400110154,제대군인 사이버교육,취업,창업지원,all,0,0,unknown,unknown,,,,always,국가보훈부,https://www.vnet.go.kr/edc/EdcCyb.do,- 제대군인 특성에 맞는 시장 친화적이며 취창업과 연계한 차별화된 직업교육 확대 - 시간과 장소 제약 없이 다양한 교육과정을 제공함으로써 직업능력 역량을 제고하여 성공적인 사회복귀지원,api
20250110005400110153,제대군인지원센터,취업,창업지원,all,0,0,job_seeking,unknown,,,,always,국가보훈부,https://vnet.go.kr/,"제대(예정) 군인의 사회정착 지원을 위해 직업능력개발, 취창업, 교육, 멘토링 등의 구직활동 지원",api
20250110005400110151,제대군인 전직지원금,취업,창업지원,all,0,0,job_seeking,unknown,,,,always,국가보훈부,https://www.gov.kr/mw/AA020InfoCappView.do?CappBizCD=11800000096,"전역후 6개월 이내 실업상태의 군인연금비대상 장기복무제대군인의 취, 창업 촉진을 위한 전직지원금 지원",api
20250110005400110150,병 자기개발비용 지원,취업,unknown,기타,0,0,unknown,unknown,,2025-01-02,2025-11-30,closed,국방부,https://www.narasarang.or.kr,군 복무 중 자기개발 기회를 확대하고자 자기개발에 소요된 비용의 80%(연간 12만 원 한도)를 지원해주는 제도,api
20250110005400110149,중.장기복무제대군인 무료법률구조지원,취업,unknown,all,0,0,unknown,unknown,보건복지부장관이 고시하는 중위소득 125% 이하자,,,always,대한법률구조공단,https://www.vnet.go.kr/gud/GudCv008.do,"국토방위의 임무를 성실히 수행하고 전역 후 사회에 적응하는 과정에서 경제적으로 어렵거나, 법을 모르기 때문에 법의 보호를 충분히 받지 못하는 중&middot;장기복무제대군인에 대해 소송비용 등을 국가가 부담하여 대한",api
20250110005400110148,해운항만물류 전문인력 양성(산학연계 인턴십),취업,취업지원,기타,0,0,unknown,unknown,,,,always,스마트해운물류팀,,대학생의 국내외 해운물류분야 기업 인턴십 지원을 통한 취업률 제고,api
20250109005400110118,고교생 맞춤형 고용서비스,취업,취업지원,all,0,0,unknown,unknown,,,,always,고용노동부,https://www.moel.go.kr/policyitrd/policyItrdView.do?policy_itrd_sn=12,"대학의 우수 인프라를 활용하여 취업을 희망하는 고교 재학생을 대상으로 진로 설계, 희망직업 포트폴리오 작성 및 취업활동계획 수립 지원, 직업훈련&middot;일경험 연계 등 맞춤형 고용서비스를 제공하여 졸업 후 원활",api
20250109005400110117,직장적응 지원,취업,unknown,all,15,34,unknown,unknown,,,,always,고용노동부,https://youth-up.kr/growth,산업단지 입주기업 등의 CEO‧중간관리자‧인사담당자 대상 청년친화 조직문화 교육‧컨설팅 및 신입직원 대상 직장적응 지원 프로그램(on-borarding)을 제공합니다.,api
20250109005400210100,정서진 아라뱃길 청년창업공간 지원사업,취업,창업지원,기타,19,39,unknown,unknown,,2025-04-01,2026-03-31,closed,서구,,- 서구에서 창업에 도전하는 청년에게 다양한 지원을 통한 자생력 강화,api
20250109005400210094,취업성공 디딤돌 청년인턴 사업,취업,취업지원,기타,19,34,job_seeking,unknown,,,,always,서구,,인천광역시 서구 관내 19-34세 미취업 청년들에게 공공기관 행정인턴 업무 경험 제공 및 취업역량강화 교육 지원,api
20250108005400210084,청년 면접 지원 사업,취업,취업지원,경기,19,39,job_seeking,unknown,,2025-01-01,2025-12-31,closed,가평군,,청년 실업률 및 구직기간 장기화로 어려움을 겪는 지역 청년들에게 면접 지원을 통해 취업부담 경감 및 적극적 구직활동 지원,api
20250107005400110063,2025년 국가유산 산업 인턴 지원 사업,취업,취업지원,기타,19,39,unknown,unknown,,2025-01-01,2025-12-31,closed,국가유산진흥원,https://heritage-intern.recruiter.co.kr/appsite/company/index,국가유산 산업 분야 취업 준비 청년들의 현장 실무역량을 강화하여 취업을 위한 경력 지원 및 국가유산 산업확장 도모,api
20250107005400110060,2025년 매장유산 미정리유물 보존 및 활용사업,취업,unknown,기타,18,100,unknown,unknown,,2025-01-01,2025-12-31,closed,문화유산국,www.work.go.kr,대학박물관 내 미정리 유물 일제 등록 지원 및 활용을 통한 유물의 안전한 보관 관리 및 청년일자리 제공,api
20250107005400210058,지역상생 청년일자리 창출 사업,취업,창업지원,서울,18,34,unknown,unknown,,2025-03-01,2025-12-31,closed,미래전략산업국,http://seoulnextlocal.co.kr/,"목포-서울시 지역 간 협력 청년 일자리 구축, 지역자원 탐색 및 청년창업 자원을 지원하여 청년의 지역 정착 및 일자리 창출을 도모하고자 함",api
20250103005400210044,창업보육센터 지원,취업,창업지원,기타,18,39,unknown,unknown,,,,always,경제산업국,https://sanhak.hanseo.ac.kr/,다양한 맞춤형 창업기업 육성 및 지원,api
20250103005400210042,일자리종합센터 취업지원 프로그램 운영,취업,취업지원,기타,0,0,unknown,unknown,,,,always,경제산업국,,각종 프로그램 운영을 통해 청년취업 지원,api
20240418005400200013,미취업 청년 어학 및 자격증 응시료 지원(성북구),취업,취업지원,서울,19,39,job_seeking,unknown,,,,always,서울특별시 성북구,https://www.sb.go.kr/yeyak/contents.do?key=6602,"서울특별시 성북구 청년 기본 조례에 의거, 청년들의 능력개발과 구직활동 촉진을 위해 「2026 미취업 청년 자격증 응시료 지원사업」대상자 지원 사업",api
